,EVENTMSGACTIONTYPE,EVENTMSGTYPE,EVENTNUM,GAME_ID,HOMEDESCRIPTION,NEUTRALDESCRIPTION,PCTIMESTRING,PERIOD,PERSON1TYPE,PERSON2TYPE,PERSON3TYPE,PLAYER1_ID,PLAYER1_NAME,PLAYER1_TEAM_ABBREVIATION,PLAYER1_TEAM_CITY,PLAYER1_TEAM_ID,PLAYER1_TEAM_NICKNAME,PLAYER2_ID,PLAYER2_NAME,PLAYER2_TEAM_ABBREVIATION,PLAYER2_TEAM_CITY,PLAYER2_TEAM_ID,PLAYER2_TEAM_NICKNAME,PLAYER3_ID,PLAYER3_NAME,PLAYER3_TEAM_ABBREVIATION,PLAYER3_TEAM_CITY,PLAYER3_TEAM_ID,PLAYER3_TEAM_NICKNAME,SCORE,SCOREMARGIN,VISITORDESCRIPTION,WCTIMESTRING
0,0,12,0,21500477,,,12:00,1,0,0,0,0,,,,,,0,,,,,,0,,,,,,,,,7:41 PM
1,0,10,1,21500477,Jump Ball Valanciunas vs. Gortat: Tip to Lowry,,12:00,1,4,5,4,202685,Jonas Valanciunas,TOR,Toronto,1610612761,Raptors,101162,Marcin Gortat,WAS,Washington,1610612764,Wizards,200768,Kyle Lowry,TOR,Toronto,1610612761,Raptors,,,,7:41 PM
2,45,5,2,21500477,DeRozan Out of Bounds - Bad Pass Turnover Turnover (P1.T1),,11:39,1,4,0,1,201942,DeMar DeRozan,TOR,Toronto,1610612761,Raptors,0,,,,,,0,,,,,,,,,7:42 PM
3,57,2,3,21500477,,,11:23,1,5,0,0,101162,Marcin Gortat,WAS,Washington,1610612764,Wizards,0,,,,,,0,,,,,,,,MISS Gortat 7' Driving Hook Shot,7:42 PM
4,0,4,4,21500477,Scola REBOUND (Off:0 Def:1),,11:23,1,4,0,0,2449,Luis Scola,TOR,Toronto,1610612761,Raptors,0,,,,,,0,,,,,,,,,7:42 PM
5,101,2,5,21500477,MISS DeRozan 4' Driving Floating Jump Shot,,11:14,1,4,0,0,201942,DeMar DeRozan,TOR,Toronto,1610612761,Raptors,0,,,,,,0,,,,,,,,,7:42 PM
6,0,4,6,21500477,Valanciunas REBOUND (Off:1 Def:0),,11:13,1,4,0,0,202685,Jonas Valanciunas,TOR,Toronto,1610612761,Raptors,0,,,,,,0,,,,,,,,,7:42 PM
7,79,1,7,21500477,Lowry 25' 3PT Pullup Jump Shot (3 PTS) (Valanciunas 1 AST),,11:05,1,4,4,0,200768,Kyle Lowry,TOR,Toronto,1610612761,Raptors,202685,Jonas Valanciunas,TOR,Toronto,1610612761,Raptors,0,,,,,,0 - 3,3,,7:42 PM
8,1,2,8,21500477,,,10:47,1,5,0,0,203490,Otto Porter,WAS,Washington,1610612764,Wizards,0,,,,,,0,,,,,,,,MISS Porter Jr. 17' Jump Shot,7:43 PM
9,0,4,9,21500477,Lowry REBOUND (Off:0 Def:1),,10:46,1,4,0,0,200768,Kyle Lowry,TOR,Toronto,1610612761,Raptors,0,,,,,,0,,,,,,,,,7:43 PM
10,1,1,10,21500477,Valanciunas 16' Jump Shot (2 PTS) (DeRozan 1 AST),,10:33,1,4,4,0,202685,Jonas Valanciunas,TOR,Toronto,1610612761,Raptors,201942,DeMar DeRozan,TOR,Toronto,1610612761,Raptors,0,,,,,,0 - 5,5,,7:43 PM
11,3,1,11,21500477,,,10:17,1,5,5,0,101162,Marcin Gortat,WAS,Washington,1610612764,Wizards,201162,Jared Dudley,WAS,Washington,1610612764,Wizards,0,,,,,,5-Feb,3,Gortat 5' Hook Shot (2 PTS) (Dudley 1 AST),7:43 PM
12,47,1,12,21500477,Scola 10' Turnaround Jump Shot (2 PTS) (Lowry 1 AST),,9:58,1,4,4,0,2449,Luis Scola,TOR,Toronto,1610612761,Raptors,200768,Kyle Lowry,TOR,Toronto,1610612761,Raptors,0,,,,,,7-Feb,5,,7:43 PM
13,79,1,13,21500477,,,9:48,1,5,5,0,202322,John Wall,WAS,Washington,1610612764,Wizards,201162,Jared Dudley,WAS,Washington,1610612764,Wizards,0,,,,,,7-Apr,3,Wall 18' Pullup Jump Shot (2 PTS) (Dudley 2 AST),7:44 PM
14,1,1,14,21500477,Carroll 25' 3PT Jump Shot (3 PTS) (DeRozan 2 AST),,9:33,1,4,4,0,201960,DeMarre Carroll,TOR,Toronto,1610612761,Raptors,201942,DeMar DeRozan,TOR,Toronto,1610612761,Raptors,0,,,,,,10-Apr,6,,7:44 PM
15,78,1,15,21500477,,,9:23,1,5,5,0,101162,Marcin Gortat,WAS,Washington,1610612764,Wizards,202322,John Wall,WAS,Washington,1610612764,Wizards,0,,,,,,10-Jun,4,Gortat 8' Floating Jump Shot (4 PTS) (Wall 1 AST),7:44 PM
16,47,2,16,21500477,MISS Scola 11' Turnaround Jump Shot,,8:58,1,4,0,0,2449,Luis Scola,TOR,Toronto,1610612761,Raptors,0,,,,,,0,,,,,,,,,7:44 PM
17,0,4,17,21500477,,,8:57,1,5,0,0,201162,Jared Dudley,WAS,Washington,1610612764,Wizards,0,,,,,,0,,,,,,,,Dudley REBOUND (Off:0 Def:1),7:44 PM
18,101,1,18,21500477,,,8:42,1,5,5,0,203490,Otto Porter,WAS,Washington,1610612764,Wizards,101162,Marcin Gortat,WAS,Washington,1610612764,Wizards,0,,,,,,10-Aug,2,Porter Jr. 15' Driving Floating Jump Shot (2 PTS) (Gortat 1 AST),7:45 PM
19,1,6,19,21500477,,,8:30,1,5,4,1,203490,Otto Porter,WAS,Washington,1610612764,Wizards,201942,DeMar DeRozan,TOR,Toronto,1610612761,Raptors,0,,,,,,,,Porter Jr. P.FOUL (P1.T1) (D.Guthrie),7:45 PM
20,66,2,20,21500477,MISS Scola 19' Jump Bank Shot,,8:14,1,4,0,0,2449,Luis Scola,TOR,Toronto,1610612761,Raptors,0,,,,,,0,,,,,,,,,7:45 PM
21,0,4,21,21500477,,,8:13,1,5,0,0,203490,Otto Porter,WAS,Washington,1610612764,Wizards,0,,,,,,0,,,,,,,,Porter Jr. REBOUND (Off:0 Def:1),7:45 PM
22,1,1,23,21500477,,,8:04,1,5,5,0,202066,Garrett Temple,WAS,Washington,1610612764,Wizards,202322,John Wall,WAS,Washington,1610612764,Wizards,0,,,,,,10-Nov,-1,Temple  3PT Jump Shot (3 PTS) (Wall 2 AST),7:46 PM
23,1,5,24,21500477,Lowry Bad Pass Turnover (P1.T2),,7:46,1,4,5,0,200768,Kyle Lowry,TOR,Toronto,1610612761,Raptors,202322,John Wall,WAS,Washington,1610612764,Wizards,0,,,,,,,,Wall STEAL (1 STL),7:46 PM
24,41,1,25,21500477,,,7:41,1,5,0,0,202322,John Wall,WAS,Washington,1610612764,Wizards,0,,,,,,0,,,,,,13 - 10,-3,Wall 3' Running Layup (4 PTS),7:46 PM
25,47,2,26,21500477,MISS Lowry 11' Turnaround Jump Shot,,7:24,1,4,0,0,200768,Kyle Lowry,TOR,Toronto,1610612761,Raptors,0,,,,,,0,,,,,,,,,7:47 PM
26,0,4,27,21500477,,,7:23,1,5,0,0,101162,Marcin Gortat,WAS,Washington,1610612764,Wizards,0,,,,,,0,,,,,,,,Gortat REBOUND (Off:0 Def:1),7:47 PM
27,103,2,28,21500477,,,7:15,1,5,0,0,202322,John Wall,WAS,Washington,1610612764,Wizards,0,,,,,,0,,,,,,,,MISS Wall 24' 3PT Running Pull-Up Jump Shot,7:47 PM
28,0,4,29,21500477,Carroll REBOUND (Off:0 Def:1),,7:14,1,4,0,0,201960,DeMarre Carroll,TOR,Toronto,1610612761,Raptors,0,,,,,,0,,,,,,,,,7:47 PM
29,42,1,30,21500477,DeRozan 2' Driving Layup (2 PTS),,7:00,1,4,0,0,201942,DeMar DeRozan,TOR,Toronto,1610612761,Raptors,0,,,,,,0,,,,,,13 - 12,-1,,7:47 PM
30,5,2,31,21500477,,,6:52,1,5,0,0,202066,Garrett Temple,WAS,Washington,1610612764,Wizards,0,,,,,,0,,,,,,,,MISS Temple 2' Layup,7:47 PM
31,0,4,32,21500477,Valanciunas REBOUND (Off:1 Def:1),,6:51,1,4,0,0,202685,Jonas Valanciunas,TOR,Toronto,1610612761,Raptors,0,,,,,,0,,,,,,,,,7:47 PM
32,1,5,33,21500477,Lowry Bad Pass Turnover (P2.T3),,6:46,1,4,5,0,200768,Kyle Lowry,TOR,Toronto,1610612761,Raptors,202322,John Wall,WAS,Washington,1610612764,Wizards,0,,,,,,,,Wall STEAL (2 STL),7:47 PM
33,103,2,34,21500477,,,6:39,1,5,0,0,203490,Otto Porter,WAS,Washington,1610612764,Wizards,0,,,,,,0,,,,,,,,MISS Porter Jr. 20' Running Pull-Up Jump Shot,7:47 PM
34,0,4,35,21500477,Scola REBOUND (Off:0 Def:2),,6:38,1,4,0,0,2449,Luis Scola,TOR,Toronto,1610612761,Raptors,0,,,,,,0,,,,,,,,,7:47 PM
35,3,1,36,21500477,Valanciunas 3' Hook Shot (4 PTS) (Scola 1 AST),,6:14,1,4,4,0,202685,Jonas Valanciunas,TOR,Toronto,1610612761,Raptors,2449,Luis Scola,TOR,Toronto,1610612761,Raptors,0,,,,,,13 - 14,1,,7:48 PM
36,5,7,37,21500477,Scola Violation:Kicked Ball (P.Fraher),,6:00,1,4,0,1,2449,Luis Scola,TOR,Toronto,1610612761,Raptors,0,,,,,,0,,,,,,,,,7:48 PM
37,1,5,38,21500477,Lowry STEAL (1 STL),,5:54,1,5,4,0,203490,Otto Porter,WAS,Washington,1610612764,Wizards,200768,Kyle Lowry,TOR,Toronto,1610612761,Raptors,0,,,,,,,,Porter Jr. Bad Pass Turnover (P1.T1),7:48 PM
38,46,2,39,21500477,MISS Carroll 25' 3PT Running Jump Shot,,5:48,1,4,0,0,201960,DeMarre Carroll,TOR,Toronto,1610612761,Raptors,0,,,,,,0,,,,,,,,,7:48 PM
39,0,4,40,21500477,Carroll REBOUND (Off:1 Def:1),,5:47,1,4,0,0,201960,DeMarre Carroll,TOR,Toronto,1610612761,Raptors,0,,,,,,0,,,,,,,,,7:48 PM
40,2,6,41,21500477,,,5:24,1,5,4,1,201162,Jared Dudley,WAS,Washington,1610612764,Wizards,201960,DeMarre Carroll,TOR,Toronto,1610612761,Raptors,0,,,,,,,,Dudley S.FOUL (P1.T2) (T.Ford),7:49 PM
41,1,9,42,21500477,RAPTORS Timeout: Regular (Full 1 Short 0),,5:24,1,2,0,0,1610612761,,,,,,0,,,,,,0,,,,,,,,,7:49 PM
42,0,18,43,21500477,,,5:24,1,,0,1,36,Sarunas Marciulionis,,,,,0,,,,,,0,,,,,,,,,7:49 PM
43,13,3,47,21500477,Carroll Free Throw 1 of 3 (4 PTS),,5:24,1,4,0,0,201960,DeMarre Carroll,TOR,Toronto,1610612761,Raptors,0,,,,,,0,,,,,,13 - 15,2,,7:52 PM
44,14,3,49,21500477,Carroll Free Throw 2 of 3 (5 PTS),,5:24,1,4,0,0,201960,DeMarre Carroll,TOR,Toronto,1610612761,Raptors,0,,,,,,0,,,,,,13 - 16,3,,7:52 PM
45,15,3,51,21500477,MISS Carroll Free Throw 3 of 3,,5:24,1,4,0,0,201960,DeMarre Carroll,TOR,Toronto,1610612761,Raptors,0,,,,,,0,,,,,,,,,7:52 PM
46,0,4,53,21500477,Valanciunas REBOUND (Off:2 Def:1),,5:22,1,4,0,0,202685,Jonas Valanciunas,TOR,Toronto,1610612761,Raptors,0,,,,,,0,,,,,,,,,7:52 PM
47,97,1,54,21500477,Valanciunas 2' Tip Layup Shot (6 PTS),,5:20,1,4,0,0,202685,Jonas Valanciunas,TOR,Toronto,1610612761,Raptors,0,,,,,,0,,,,,,13 - 18,5,,7:52 PM
48,96,2,55,21500477,,,5:01,1,5,0,0,101162,Marcin Gortat,WAS,Washington,1610612764,Wizards,0,,,,,,0,,,,,,,,MISS Gortat 8' Turnaround Bank Hook Shot,7:52 PM
49,0,4,56,21500477,Scola REBOUND (Off:0 Def:3),,5:00,1,4,0,0,2449,Luis Scola,TOR,Toronto,1610612761,Raptors,0,,,,,,0,,,,,,,,,7:52 PM
50,4,5,57,21500477,Lowry Traveling Turnover (P3.T4),,4:55,1,4,0,1,200768,Kyle Lowry,TOR,Toronto,1610612761,Raptors,0,,,,,,0,,,,,,,,,7:52 PM
51,1,2,58,21500477,,,4:44,1,5,0,0,202066,Garrett Temple,WAS,Washington,1610612764,Wizards,0,,,,,,0,,,,,,,,MISS Temple 21' Jump Shot,7:53 PM
52,0,4,59,21500477,Scola REBOUND (Off:0 Def:4),,4:43,1,4,0,0,2449,Luis Scola,TOR,Toronto,1610612761,Raptors,0,,,,,,0,,,,,,,,,7:53 PM
53,79,1,60,21500477,DeRozan 18' Pullup Jump Shot (4 PTS),,4:32,1,4,0,0,201942,DeMar DeRozan,TOR,Toronto,1610612761,Raptors,0,,,,,,0,,,,,,13 - 20,7,,7:53 PM
54,2,6,61,21500477,Valanciunas S.FOUL (P1.T1) (P.Fraher),,4:21,1,4,5,1,202685,Jonas Valanciunas,TOR,Toronto,1610612761,Raptors,202322,John Wall,WAS,Washington,1610612764,Wizards,0,,,,,,,,,7:53 PM
55,11,3,62,21500477,,,4:21,1,5,0,0,202322,John Wall,WAS,Washington,1610612764,Wizards,0,,,,,,0,,,,,,14 - 20,6,Wall Free Throw 1 of 2 (5 PTS),7:53 PM
56,0,8,64,21500477,,,4:21,1,5,5,0,203490,Otto Porter,WAS,Washington,1610612764,Wizards,1626162,Kelly Oubre Jr.,WAS,Washington,1610612764,Wizards,0,,,,,,,,SUB: Oubre Jr. FOR Porter Jr.,7:54 PM
57,0,8,65,21500477,SUB: Biyombo FOR Valanciunas,,4:21,1,4,4,0,202685,Jonas Valanciunas,TOR,Toronto,1610612761,Raptors,202687,Bismack Biyombo,TOR,Toronto,1610612761,Raptors,0,,,,,,,,,7:54 PM
58,12,3,66,21500477,,,4:21,1,5,0,0,202322,John Wall,WAS,Washington,1610612764,Wizards,0,,,,,,0,,,,,,15 - 20,5,Wall Free Throw 2 of 2 (6 PTS),7:54 PM
59,1,5,68,21500477,DeRozan Bad Pass Turnover (P2.T5),,4:06,1,4,0,1,201942,DeMar DeRozan,TOR,Toronto,1610612761,Raptors,0,,,,,,0,,,,,,,,,7:54 PM
60,0,8,69,21500477,SUB: Ross FOR Carroll,,4:06,1,4,4,0,201960,DeMarre Carroll,TOR,Toronto,1610612761,Raptors,203082,Terrence Ross,TOR,Toronto,1610612761,Raptors,0,,,,,,,,,7:55 PM
61,2,5,70,21500477,Lowry STEAL (2 STL),,3:47,1,5,4,0,202066,Garrett Temple,WAS,Washington,1610612764,Wizards,200768,Kyle Lowry,TOR,Toronto,1610612761,Raptors,0,,,,,,,,Temple Lost Ball Turnover (P1.T2),7:55 PM
62,9,6,71,21500477,,,3:44,1,5,4,1,202322,John Wall,WAS,Washington,1610612764,Wizards,201942,DeMar DeRozan,TOR,Toronto,1610612761,Raptors,0,,,,,,,,Wall C.P.FOUL (P1.T3) (T.Ford),7:55 PM
63,0,18,72,21500477,,,3:44,1,,0,1,71,Pooh Richardson,,,,,0,,,,,,0,,,,,,,,,7:56 PM
64,25,3,74,21500477,DeRozan Free Throw Clear Path 1 of 2 (5 PTS),,3:44,1,4,0,0,201942,DeMar DeRozan,TOR,Toronto,1610612761,Raptors,0,,,,,,0,,,,,,15 - 21,6,,7:57 PM
65,26,3,76,21500477,DeRozan Free Throw Clear Path 2 of 2 (6 PTS),,3:44,1,4,0,0,201942,DeMar DeRozan,TOR,Toronto,1610612761,Raptors,0,,,,,,0,,,,,,15 - 22,7,,7:57 PM
66,0,8,79,21500477,SUB: Patterson FOR Scola,,3:44,1,4,4,0,2449,Luis Scola,TOR,Toronto,1610612761,Raptors,202335,Patrick Patterson,TOR,Toronto,1610612761,Raptors,0,,,,,,,,,7:57 PM
67,1,2,81,21500477,MISS DeRozan  3PT Jump Shot,,3:27,1,4,0,0,201942,DeMar DeRozan,TOR,Toronto,1610612761,Raptors,0,,,,,,0,,,,,,,,,7:58 PM
68,0,4,82,21500477,,,3:27,1,3,0,0,1610612764,,,,,,0,,,,,,0,,,,,,,,Wizards Rebound,7:58 PM
69,79,1,83,21500477,,,3:18,1,5,0,0,202322,John Wall,WAS,Washington,1610612764,Wizards,0,,,,,,0,,,,,,17 - 22,5,Wall 17' Pullup Jump Shot (8 PTS),7:58 PM
70,79,2,84,21500477,MISS Lowry 25' 3PT Pullup Jump Shot,,2:58,1,4,0,0,200768,Kyle Lowry,TOR,Toronto,1610612761,Raptors,0,,,,,,0,,,,,,,,,7:58 PM
71,0,4,85,21500477,,,2:58,1,5,0,0,202322,John Wall,WAS,Washington,1610612764,Wizards,0,,,,,,0,,,,,,,,Wall REBOUND (Off:0 Def:1),7:58 PM
72,1,1,86,21500477,,,2:50,1,5,5,0,201162,Jared Dudley,WAS,Washington,1610612764,Wizards,202322,John Wall,WAS,Washington,1610612764,Wizards,0,,,,,,20 - 22,2,Dudley 25' 3PT Jump Shot (3 PTS) (Wall 3 AST),7:58 PM
73,102,2,87,21500477,MISS DeRozan 2' Driving Floating Bank Jump Shot,,2:38,1,4,0,0,201942,DeMar DeRozan,TOR,Toronto,1610612761,Raptors,0,,,,,,0,,,,,,,,,7:59 PM
74,0,4,88,21500477,DeRozan REBOUND (Off:1 Def:0),,2:38,1,4,0,0,201942,DeMar DeRozan,TOR,Toronto,1610612761,Raptors,0,,,,,,0,,,,,,,,,7:59 PM
75,97,1,89,21500477,DeRozan 1' Tip Layup Shot (8 PTS),,2:35,1,4,0,0,201942,DeMar DeRozan,TOR,Toronto,1610612761,Raptors,0,,,,,,0,,,,,,20 - 24,4,,7:59 PM
76,2,6,90,21500477,DeRozan S.FOUL (P1.T2) (P.Fraher),,2:29,1,4,5,1,201942,DeMar DeRozan,TOR,Toronto,1610612761,Raptors,101162,Marcin Gortat,WAS,Washington,1610612764,Wizards,0,,,,,,,,,7:59 PM
77,1,9,91,21500477,,,2:29,1,3,0,0,1610612764,,,,,,0,,,,,,0,,,,,,,,Wizards Timeout: Regular (Reg.1 Short 0),7:59 PM
78,0,8,93,21500477,,,2:29,1,5,5,0,201162,Jared Dudley,WAS,Washington,1610612764,Wizards,201196,Ramon Sessions,WAS,Washington,1610612764,Wizards,0,,,,,,,,SUB: Sessions FOR Dudley,8:01 PM
79,0,8,94,21500477,,,2:29,1,5,5,0,202322,John Wall,WAS,Washington,1610612764,Wizards,203490,Otto Porter,WAS,Washington,1610612764,Wizards,0,,,,,,,,SUB: Porter Jr. FOR Wall,8:01 PM
80,0,8,95,21500477,SUB: Joseph FOR Lowry,,2:29,1,4,4,0,200768,Kyle Lowry,TOR,Toronto,1610612761,Raptors,202709,Cory Joseph,TOR,Toronto,1610612761,Raptors,0,,,,,,,,,8:01 PM
81,11,3,96,21500477,,,2:29,1,5,0,0,101162,Marcin Gortat,WAS,Washington,1610612764,Wizards,0,,,,,,0,,,,,,21 - 24,3,Gortat Free Throw 1 of 2 (5 PTS),8:01 PM
82,12,3,98,21500477,,,2:29,1,5,0,0,101162,Marcin Gortat,WAS,Washington,1610612764,Wizards,0,,,,,,0,,,,,,22 - 24,2,Gortat Free Throw 2 of 2 (6 PTS),8:02 PM
83,1,2,100,21500477,MISS Patterson  3PT Jump Shot,,2:12,1,4,0,0,202335,Patrick Patterson,TOR,Toronto,1610612761,Raptors,0,,,,,,0,,,,,,,,,8:02 PM
84,0,4,101,21500477,,,2:12,1,5,0,0,101162,Marcin Gortat,WAS,Washington,1610612764,Wizards,0,,,,,,0,,,,,,,,Gortat REBOUND (Off:0 Def:2),8:02 PM
85,1,1,102,21500477,,,2:00,1,5,5,0,101162,Marcin Gortat,WAS,Washington,1610612764,Wizards,201196,Ramon Sessions,WAS,Washington,1610612764,Wizards,0,,,,,,24 - 24,TIE,Gortat 7' Jump Shot (8 PTS) (Sessions 1 AST),8:02 PM
86,1,2,103,21500477,MISS DeRozan 18' Jump Shot,,1:40,1,4,0,0,201942,DeMar DeRozan,TOR,Toronto,1610612761,Raptors,0,,,,,,0,,,,,,,,,8:02 PM
87,0,4,104,21500477,Biyombo REBOUND (Off:1 Def:0),,1:39,1,4,0,0,202687,Bismack Biyombo,TOR,Toronto,1610612761,Raptors,0,,,,,,0,,,,,,,,,8:03 PM
88,0,8,105,21500477,,,1:39,1,5,5,0,101162,Marcin Gortat,WAS,Washington,1610612764,Wizards,2743,Kris Humphries,WAS,Washington,1610612764,Wizards,0,,,,,,,,SUB: Humphries FOR Gortat,8:03 PM
89,0,10,106,21500477,Jump Ball Biyombo vs. Temple: Tip to Joseph,,1:39,1,4,5,4,202687,Bismack Biyombo,TOR,Toronto,1610612761,Raptors,202066,Garrett Temple,WAS,Washington,1610612764,Wizards,202709,Cory Joseph,TOR,Toronto,1610612761,Raptors,,,,8:03 PM
90,1,1,107,21500477,Biyombo 4' Jump Shot (2 PTS) (Joseph 1 AST),,1:24,1,4,4,0,202687,Bismack Biyombo,TOR,Toronto,1610612761,Raptors,202709,Cory Joseph,TOR,Toronto,1610612761,Raptors,0,,,,,,24 - 26,2,,8:03 PM
91,66,2,108,21500477,,,1:09,1,5,0,0,203490,Otto Porter,WAS,Washington,1610612764,Wizards,0,,,,,,0,,,,,,,,MISS Porter Jr. 24' 3PT Jump Bank Shot,8:04 PM
92,0,4,109,21500477,Ross REBOUND (Off:0 Def:1),,1:08,1,4,0,0,203082,Terrence Ross,TOR,Toronto,1610612761,Raptors,0,,,,,,0,,,,,,,,,8:04 PM
93,101,2,110,21500477,MISS Joseph 12' Driving Floating Jump Shot,,0:59,1,4,0,0,202709,Cory Joseph,TOR,Toronto,1610612761,Raptors,0,,,,,,0,,,,,,,,,8:04 PM
94,0,4,111,21500477,,,0:58,1,5,0,0,202066,Garrett Temple,WAS,Washington,1610612764,Wizards,0,,,,,,0,,,,,,,,Temple REBOUND (Off:0 Def:1),8:04 PM
95,40,5,112,21500477,,,0:50,1,5,0,1,1626162,Kelly Oubre Jr.,WAS,Washington,1610612764,Wizards,0,,,,,,0,,,,,,,,Oubre Jr. Out of Bounds Lost Ball Turnover (P1.T3),8:04 PM
96,79,1,114,21500477,Ross 16' Pullup Jump Shot (2 PTS),,0:30,1,4,0,0,203082,Terrence Ross,TOR,Toronto,1610612761,Raptors,0,,,,,,0,,,,,,24 - 28,4,,8:05 PM
97,1,1,115,21500477,,,0:10,1,5,5,0,203490,Otto Porter,WAS,Washington,1610612764,Wizards,201196,Ramon Sessions,WAS,Washington,1610612764,Wizards,0,,,,,,27 - 28,1,Porter Jr. 25' 3PT Jump Shot (5 PTS) (Sessions 2 AST),8:05 PM
98,1,6,116,21500477,,,0:02,1,5,4,1,2743,Kris Humphries,WAS,Washington,1610612764,Wizards,201942,DeMar DeRozan,TOR,Toronto,1610612761,Raptors,0,,,,,,,,Humphries P.FOUL (P1.T4) (P.Fraher),8:05 PM
99,101,2,117,21500477,MISS DeRozan 9' Driving Floating Jump Shot,,0:00,1,4,0,0,201942,DeMar DeRozan,TOR,Toronto,1610612761,Raptors,0,,,,,,0,,,,,,,,,8:06 PM
100,0,4,118,21500477,RAPTORS Rebound,,0:00,1,2,0,0,1610612761,,,,,,0,,,,,,0,,,,,,,,,8:06 PM
101,0,13,119,21500477,,,0:00,1,0,0,0,0,,,,,,0,,,,,,0,,,,,,27 - 28,1,,8:06 PM
102,0,12,121,21500477,,,12:00,2,0,0,0,0,,,,,,0,,,,,,0,,,,,,27 - 28,1,,8:08 PM
103,4,5,122,21500477,,,11:41,2,5,0,1,2743,Kris Humphries,WAS,Washington,1610612764,Wizards,0,,,,,,0,,,,,,,,Humphries Traveling Turnover (P1.T4),8:09 PM
104,1,2,123,21500477,MISS Ross 15' Jump Shot,,11:26,2,4,0,0,203082,Terrence Ross,TOR,Toronto,1610612761,Raptors,0,,,,,,0,,,,,,,,,8:09 PM
105,0,4,124,21500477,,,11:26,2,5,0,0,203490,Otto Porter,WAS,Washington,1610612764,Wizards,0,,,,,,0,,,,,,,,Porter Jr. REBOUND (Off:0 Def:2),8:09 PM
106,79,2,125,21500477,,,11:15,2,5,0,0,1626162,Kelly Oubre Jr.,WAS,Washington,1610612764,Wizards,0,,,,,,0,,,,,,,,MISS Oubre Jr. 15' Pullup Jump Shot,8:09 PM
107,0,4,126,21500477,Biyombo REBOUND (Off:1 Def:1),,11:14,2,4,0,0,202687,Bismack Biyombo,TOR,Toronto,1610612761,Raptors,0,,,,,,0,,,,,,,,,8:09 PM
108,7,1,127,21500477,Biyombo  Dunk (4 PTS) (Lowry 2 AST),,11:03,2,4,4,0,202687,Bismack Biyombo,TOR,Toronto,1610612761,Raptors,200768,Kyle Lowry,TOR,Toronto,1610612761,Raptors,0,,,,,,27 - 30,3,,8:09 PM
109,101,2,128,21500477,,,10:56,2,5,0,0,202066,Garrett Temple,WAS,Washington,1610612764,Wizards,0,,,,,,0,,,,,,,,MISS Temple 3' Driving Floating Jump Shot,8:10 PM
110,0,4,129,21500477,,,10:55,2,5,0,0,202066,Garrett Temple,WAS,Washington,1610612764,Wizards,0,,,,,,0,,,,,,,,Temple REBOUND (Off:1 Def:1),8:10 PM
111,97,2,130,21500477,,,10:52,2,5,0,0,202066,Garrett Temple,WAS,Washington,1610612764,Wizards,0,,,,,,0,,,,,,,,MISS Temple 2' Tip Layup Shot,8:10 PM
112,0,4,131,21500477,Joseph REBOUND (Off:0 Def:1),,10:52,2,4,0,0,202709,Cory Joseph,TOR,Toronto,1610612761,Raptors,0,,,,,,0,,,,,,,,,8:10 PM
113,1,2,132,21500477,MISS Lowry 26' 3PT Jump Shot,,10:47,2,4,0,0,200768,Kyle Lowry,TOR,Toronto,1610612761,Raptors,0,,,,,,0,,,,,,,,,8:10 PM
114,0,4,133,21500477,Biyombo REBOUND (Off:2 Def:1),,10:46,2,4,0,0,202687,Bismack Biyombo,TOR,Toronto,1610612761,Raptors,0,,,,,,0,,,,,,,,,8:10 PM
115,1,6,134,21500477,,,10:41,2,5,4,1,1626162,Kelly Oubre Jr.,WAS,Washington,1610612764,Wizards,202687,Bismack Biyombo,TOR,Toronto,1610612761,Raptors,0,,,,,,,,Oubre Jr. P.FOUL (P1.T1) (T.Ford),8:10 PM
116,0,8,135,21500477,,,10:41,2,5,5,0,202066,Garrett Temple,WAS,Washington,1610612764,Wizards,202322,John Wall,WAS,Washington,1610612764,Wizards,0,,,,,,,,SUB: Wall FOR Temple,8:10 PM
117,0,8,136,21500477,,,10:41,2,5,5,0,1626162,Kelly Oubre Jr.,WAS,Washington,1610612764,Wizards,204067,Jarell Eddie,WAS,Washington,1610612764,Wizards,0,,,,,,,,SUB: Eddie FOR Oubre Jr.,8:10 PM
118,101,2,137,21500477,MISS Lowry 11' Driving Floating Jump Shot,,10:32,2,4,0,0,200768,Kyle Lowry,TOR,Toronto,1610612761,Raptors,0,,,,,,0,,,,,,,,,8:10 PM
119,0,4,138,21500477,Biyombo REBOUND (Off:3 Def:1),,10:32,2,4,0,0,202687,Bismack Biyombo,TOR,Toronto,1610612761,Raptors,0,,,,,,0,,,,,,,,,8:10 PM
120,2,6,139,21500477,,,10:32,2,5,4,1,204067,Jarell Eddie,WAS,Washington,1610612764,Wizards,202687,Bismack Biyombo,TOR,Toronto,1610612761,Raptors,0,,,,,,,,Eddie S.FOUL (P1.T2) (D.Guthrie),8:11 PM
121,11,3,140,21500477,MISS Biyombo Free Throw 1 of 2,,10:32,2,4,0,0,202687,Bismack Biyombo,TOR,Toronto,1610612761,Raptors,0,,,,,,0,,,,,,,,,8:11 PM
122,1,4,141,21500477,RAPTORS Rebound,,10:32,2,2,0,0,1610612761,,,,,,0,,,,,,0,,,,,,,,,8:11 PM
123,12,3,142,21500477,Biyombo Free Throw 2 of 2 (5 PTS),,10:32,2,4,0,0,202687,Bismack Biyombo,TOR,Toronto,1610612761,Raptors,0,,,,,,0,,,,,,27 - 31,4,,8:11 PM
124,102,2,144,21500477,,,10:19,2,5,0,0,201196,Ramon Sessions,WAS,Washington,1610612764,Wizards,0,,,,,,0,,,,,,,,MISS Sessions 9' Driving Floating Bank Jump Shot,8:11 PM
125,0,4,145,21500477,Biyombo REBOUND (Off:3 Def:2),,10:18,2,4,0,0,202687,Bismack Biyombo,TOR,Toronto,1610612761,Raptors,0,,,,,,0,,,,,,,,,8:11 PM
126,1,2,146,21500477,MISS Patterson  3PT Jump Shot,,10:07,2,4,0,0,202335,Patrick Patterson,TOR,Toronto,1610612761,Raptors,0,,,,,,0,,,,,,,,,8:12 PM
127,0,4,147,21500477,Biyombo REBOUND (Off:4 Def:2),,10:06,2,4,0,0,202687,Bismack Biyombo,TOR,Toronto,1610612761,Raptors,0,,,,,,0,,,,,,,,,8:12 PM
128,2,6,148,21500477,,,10:06,2,5,4,1,204067,Jarell Eddie,WAS,Washington,1610612764,Wizards,202687,Bismack Biyombo,TOR,Toronto,1610612761,Raptors,0,,,,,,,,Eddie S.FOUL (P2.T3) (P.Fraher),8:12 PM
129,1,9,149,21500477,,,10:06,2,3,0,0,1610612764,,,,,,0,,,,,,0,,,,,,,,Wizards Timeout: Regular (Reg.2 Short 0),8:12 PM
130,0,8,151,21500477,,,10:06,2,5,5,0,203490,Otto Porter,WAS,Washington,1610612764,Wizards,201162,Jared Dudley,WAS,Washington,1610612764,Wizards,0,,,,,,,,SUB: Dudley FOR Porter Jr.,8:14 PM
131,11,3,153,21500477,Biyombo Free Throw 1 of 2 (6 PTS),,10:06,2,4,0,0,202687,Bismack Biyombo,TOR,Toronto,1610612761,Raptors,0,,,,,,0,,,,,,27 - 32,5,,8:14 PM
132,12,3,155,21500477,MISS Biyombo Free Throw 2 of 2,,10:06,2,4,0,0,202687,Bismack Biyombo,TOR,Toronto,1610612761,Raptors,0,,,,,,0,,,,,,,,,8:15 PM
133,0,4,157,21500477,RAPTORS Rebound,,10:04,2,2,0,0,1610612761,,,,,,0,,,,,,0,,,,,,,,,8:15 PM
134,1,2,158,21500477,MISS Patterson 24' 3PT Jump Shot,,9:55,2,4,0,0,202335,Patrick Patterson,TOR,Toronto,1610612761,Raptors,0,,,,,,0,,,,,,,,,8:15 PM
135,0,4,159,21500477,,,9:54,2,5,0,0,202322,John Wall,WAS,Washington,1610612764,Wizards,0,,,,,,0,,,,,,,,Wall REBOUND (Off:0 Def:2),8:15 PM
136,42,2,160,21500477,,,9:47,2,5,0,0,202322,John Wall,WAS,Washington,1610612764,Wizards,0,,,,,,0,,,,,,,,MISS Wall 2' Driving Layup,8:16 PM
137,0,4,161,21500477,Patterson REBOUND (Off:0 Def:1),,9:46,2,4,0,0,202335,Patrick Patterson,TOR,Toronto,1610612761,Raptors,0,,,,,,0,,,,,,,,,8:16 PM
138,40,5,162,21500477,Ross Out of Bounds Lost Ball Turnover (P1.T6),,9:43,2,4,0,1,203082,Terrence Ross,TOR,Toronto,1610612761,Raptors,0,,,,,,0,,,,,,,,,8:16 PM
139,66,2,163,21500477,,,9:30,2,5,0,0,204067,Jarell Eddie,WAS,Washington,1610612764,Wizards,0,,,,,,0,,,,,,,,MISS Eddie 25' 3PT Jump Bank Shot,8:16 PM
140,0,4,164,21500477,Biyombo REBOUND (Off:4 Def:3),,9:30,2,4,0,0,202687,Bismack Biyombo,TOR,Toronto,1610612761,Raptors,0,,,,,,0,,,,,,,,,8:16 PM
141,4,6,165,21500477,Joseph OFF.Foul (P1) (D.Guthrie),,9:24,2,4,5,1,202709,Cory Joseph,TOR,Toronto,1610612761,Raptors,204067,Jarell Eddie,WAS,Washington,1610612764,Wizards,0,,,,,,,,,8:16 PM
142,5,5,166,21500477,Joseph Foul Turnover (P1.T7),,9:24,2,4,0,1,202709,Cory Joseph,TOR,Toronto,1610612761,Raptors,0,,,,,,0,,,,,,,,,8:16 PM
143,0,8,167,21500477,,,9:24,2,5,5,0,2743,Kris Humphries,WAS,Washington,1610612764,Wizards,101162,Marcin Gortat,WAS,Washington,1610612764,Wizards,0,,,,,,,,SUB: Gortat FOR Humphries,8:16 PM
144,79,2,168,21500477,,,9:09,2,5,0,0,201162,Jared Dudley,WAS,Washington,1610612764,Wizards,0,,,,,,0,,,,,,,,MISS Dudley 20' Pullup Jump Shot,8:17 PM
145,0,4,169,21500477,Biyombo REBOUND (Off:4 Def:4),,9:09,2,4,0,0,202687,Bismack Biyombo,TOR,Toronto,1610612761,Raptors,0,,,,,,0,,,,,,,,,8:17 PM
146,42,2,170,21500477,MISS Joseph 2' Driving Layup,,8:55,2,4,0,5,202709,Cory Joseph,TOR,Toronto,1610612761,Raptors,0,,,,,,101162,Marcin Gortat,WAS,Washington,1610612764,Wizards,,,Gortat BLOCK (1 BLK),8:17 PM
147,0,4,171,21500477,,,8:53,2,5,0,0,202322,John Wall,WAS,Washington,1610612764,Wizards,0,,,,,,0,,,,,,,,Wall REBOUND (Off:0 Def:3),8:17 PM
148,101,2,173,21500477,,,8:42,2,5,0,0,204067,Jarell Eddie,WAS,Washington,1610612764,Wizards,0,,,,,,0,,,,,,,,MISS Eddie 13' Driving Floating Jump Shot,8:17 PM
149,0,4,174,21500477,Biyombo REBOUND (Off:4 Def:5),,8:41,2,4,0,0,202687,Bismack Biyombo,TOR,Toronto,1610612761,Raptors,0,,,,,,0,,,,,,,,,8:17 PM
150,79,1,175,21500477,Ross 17' Pullup Jump Shot (4 PTS),,8:28,2,4,0,0,203082,Terrence Ross,TOR,Toronto,1610612761,Raptors,0,,,,,,0,,,,,,27 - 34,7,,8:18 PM
151,3,2,177,21500477,,,8:05,2,5,0,0,201196,Ramon Sessions,WAS,Washington,1610612764,Wizards,0,,,,,,0,,,,,,,,MISS Sessions 8' Hook Shot,8:18 PM
152,0,4,178,21500477,,,8:05,2,5,0,0,101162,Marcin Gortat,WAS,Washington,1610612764,Wizards,0,,,,,,0,,,,,,,,Gortat REBOUND (Off:1 Def:2),8:18 PM
153,79,1,179,21500477,,,7:57,2,5,0,0,202322,John Wall,WAS,Washington,1610612764,Wizards,0,,,,,,0,,,,,,29 - 34,5,Wall 19' Pullup Jump Shot (10 PTS),8:18 PM
154,0,8,181,21500477,SUB: Carroll FOR Joseph,,7:43,2,4,4,0,202709,Cory Joseph,TOR,Toronto,1610612761,Raptors,201960,DeMarre Carroll,TOR,Toronto,1610612761,Raptors,0,,,,,,,,,8:19 PM
155,1,2,182,21500477,MISS Lowry 25' 3PT Jump Shot,,7:34,2,4,0,0,200768,Kyle Lowry,TOR,Toronto,1610612761,Raptors,0,,,,,,0,,,,,,,,,8:19 PM
156,0,4,183,21500477,Ross REBOUND (Off:1 Def:1),,7:33,2,4,0,0,203082,Terrence Ross,TOR,Toronto,1610612761,Raptors,0,,,,,,0,,,,,,,,,8:19 PM
157,1,2,184,21500477,MISS Carroll  3PT Jump Shot,,7:24,2,4,0,0,201960,DeMarre Carroll,TOR,Toronto,1610612761,Raptors,0,,,,,,0,,,,,,,,,8:19 PM
158,0,4,185,21500477,,,7:23,2,5,0,0,204067,Jarell Eddie,WAS,Washington,1610612764,Wizards,0,,,,,,0,,,,,,,,Eddie REBOUND (Off:0 Def:1),8:19 PM
159,79,2,186,21500477,,,7:10,2,5,0,0,201196,Ramon Sessions,WAS,Washington,1610612764,Wizards,0,,,,,,0,,,,,,,,MISS Sessions 21' Pullup Jump Shot,8:20 PM
160,0,4,187,21500477,Carroll REBOUND (Off:1 Def:2),,7:09,2,4,0,0,201960,DeMarre Carroll,TOR,Toronto,1610612761,Raptors,0,,,,,,0,,,,,,,,,8:20 PM
161,41,1,188,21500477,Carroll 3' Running Layup (7 PTS) (Lowry 3 AST),,7:03,2,4,4,0,201960,DeMarre Carroll,TOR,Toronto,1610612761,Raptors,200768,Kyle Lowry,TOR,Toronto,1610612761,Raptors,0,,,,,,29 - 36,7,,8:20 PM
162,79,2,189,21500477,,,6:46,2,5,0,0,202322,John Wall,WAS,Washington,1610612764,Wizards,0,,,,,,0,,,,,,,,MISS Wall 19' Pullup Jump Shot,8:20 PM
163,0,4,190,21500477,Biyombo REBOUND (Off:4 Def:6),,6:45,2,4,0,0,202687,Bismack Biyombo,TOR,Toronto,1610612761,Raptors,0,,,,,,0,,,,,,,,,8:20 PM
164,1,5,191,21500477,Lowry Bad Pass Turnover (P4.T8),,6:38,2,4,0,1,200768,Kyle Lowry,TOR,Toronto,1610612761,Raptors,0,,,,,,0,,,,,,,,,8:20 PM
165,0,8,192,21500477,SUB: Valanciunas FOR Biyombo,,6:38,2,4,4,0,202687,Bismack Biyombo,TOR,Toronto,1610612761,Raptors,202685,Jonas Valanciunas,TOR,Toronto,1610612761,Raptors,0,,,,,,,,,8:20 PM
166,0,8,193,21500477,,,6:38,2,5,5,0,201196,Ramon Sessions,WAS,Washington,1610612764,Wizards,202066,Garrett Temple,WAS,Washington,1610612764,Wizards,0,,,,,,,,SUB: Temple FOR Sessions,8:21 PM
167,1,2,195,21500477,,,6:17,2,5,0,0,101162,Marcin Gortat,WAS,Washington,1610612764,Wizards,0,,,,,,0,,,,,,,,MISS Gortat 11' Jump Shot,8:21 PM
168,0,4,196,21500477,RAPTORS Rebound,,6:17,2,2,0,0,1610612761,,,,,,0,,,,,,0,,,,,,,,,8:21 PM
169,0,8,197,21500477,SUB: DeRozan FOR Ross,,6:17,2,4,4,0,203082,Terrence Ross,TOR,Toronto,1610612761,Raptors,201942,DeMar DeRozan,TOR,Toronto,1610612761,Raptors,0,,,,,,,,,8:21 PM
170,1,2,199,21500477,MISS Carroll 10' Jump Shot,,5:57,2,4,0,0,201960,DeMarre Carroll,TOR,Toronto,1610612761,Raptors,0,,,,,,0,,,,,,,,,8:21 PM
171,0,4,200,21500477,Valanciunas REBOUND (Off:3 Def:1),,5:56,2,4,0,0,202685,Jonas Valanciunas,TOR,Toronto,1610612761,Raptors,0,,,,,,0,,,,,,,,,8:21 PM
172,47,2,201,21500477,MISS Valanciunas 3' Turnaround Jump Shot,,5:52,2,4,0,5,202685,Jonas Valanciunas,TOR,Toronto,1610612761,Raptors,0,,,,,,101162,Marcin Gortat,WAS,Washington,1610612764,Wizards,,,Gortat BLOCK (2 BLK),8:22 PM
173,0,4,202,21500477,,,5:51,2,5,0,0,204067,Jarell Eddie,WAS,Washington,1610612764,Wizards,0,,,,,,0,,,,,,,,Eddie REBOUND (Off:0 Def:2),8:22 PM
174,1,1,203,21500477,,,5:45,2,5,5,0,201162,Jared Dudley,WAS,Washington,1610612764,Wizards,202066,Garrett Temple,WAS,Washington,1610612764,Wizards,0,,,,,,32 - 36,4,Dudley 24' 3PT Jump Shot (6 PTS) (Temple 1 AST),8:22 PM
175,1,1,204,21500477,DeRozan  3PT Jump Shot (11 PTS) (Lowry 4 AST),,5:18,2,4,4,0,201942,DeMar DeRozan,TOR,Toronto,1610612761,Raptors,200768,Kyle Lowry,TOR,Toronto,1610612761,Raptors,0,,,,,,32 - 39,7,,8:22 PM
176,2,6,205,21500477,Valanciunas S.FOUL (P2.T1) (T.Ford),,5:05,2,4,5,1,202685,Jonas Valanciunas,TOR,Toronto,1610612761,Raptors,201162,Jared Dudley,WAS,Washington,1610612764,Wizards,0,,,,,,,,,8:22 PM
177,4,9,206,21500477,,,5:05,2,1,0,0,0,,,,,,0,,,,,,0,,,,,,,,,8:23 PM
178,0,8,208,21500477,,,5:05,2,5,5,0,204067,Jarell Eddie,WAS,Washington,1610612764,Wizards,203490,Otto Porter,WAS,Washington,1610612764,Wizards,0,,,,,,,,SUB: Porter Jr. FOR Eddie,8:24 PM
179,0,8,209,21500477,SUB: Scola FOR Patterson,,5:05,2,4,4,0,202335,Patrick Patterson,TOR,Toronto,1610612761,Raptors,2449,Luis Scola,TOR,Toronto,1610612761,Raptors,0,,,,,,,,,8:25 PM
180,11,3,210,21500477,,,5:05,2,5,0,0,201162,Jared Dudley,WAS,Washington,1610612764,Wizards,0,,,,,,0,,,,,,,,MISS Dudley Free Throw 1 of 2,8:25 PM
181,1,4,211,21500477,,,5:05,2,3,0,0,1610612764,,,,,,0,,,,,,0,,,,,,,,Wizards Rebound,8:25 PM
182,12,3,212,21500477,,,5:05,2,5,0,0,201162,Jared Dudley,WAS,Washington,1610612764,Wizards,0,,,,,,0,,,,,,33 - 39,6,Dudley Free Throw 2 of 2 (7 PTS),8:25 PM
183,1,2,214,21500477,MISS Carroll 20' Jump Shot,,4:42,2,4,0,0,201960,DeMarre Carroll,TOR,Toronto,1610612761,Raptors,0,,,,,,0,,,,,,,,,8:26 PM
184,0,4,215,21500477,,,4:42,2,5,0,0,203490,Otto Porter,WAS,Washington,1610612764,Wizards,0,,,,,,0,,,,,,,,Porter Jr. REBOUND (Off:0 Def:3),8:26 PM
185,41,1,216,21500477,,,4:34,2,5,5,0,202322,John Wall,WAS,Washington,1610612764,Wizards,203490,Otto Porter,WAS,Washington,1610612764,Wizards,0,,,,,,35 - 39,4,Wall 2' Running Layup (12 PTS) (Porter Jr. 1 AST),8:26 PM
186,1,1,217,21500477,Lowry  3PT Jump Shot (6 PTS) (DeRozan 3 AST),,4:12,2,4,4,0,200768,Kyle Lowry,TOR,Toronto,1610612761,Raptors,201942,DeMar DeRozan,TOR,Toronto,1610612761,Raptors,0,,,,,,35 - 42,7,,8:26 PM
187,98,1,218,21500477,,,4:03,2,5,5,0,203490,Otto Porter,WAS,Washington,1610612764,Wizards,201162,Jared Dudley,WAS,Washington,1610612764,Wizards,0,,,,,,37 - 42,5,Porter Jr. 2' Cutting Layup Shot (7 PTS) (Dudley 3 AST),8:26 PM
188,101,2,219,21500477,MISS Carroll 13' Driving Floating Jump Shot,,3:41,2,4,0,0,201960,DeMarre Carroll,TOR,Toronto,1610612761,Raptors,0,,,,,,0,,,,,,,,,8:27 PM
189,0,4,220,21500477,,,3:39,2,5,0,0,202322,John Wall,WAS,Washington,1610612764,Wizards,0,,,,,,0,,,,,,,,Wall REBOUND (Off:0 Def:4),8:27 PM
190,47,2,221,21500477,DeRozan BLOCK (1 BLK),,3:25,2,5,0,4,101162,Marcin Gortat,WAS,Washington,1610612764,Wizards,0,,,,,,201942,DeMar DeRozan,TOR,Toronto,1610612761,Raptors,,,MISS Gortat 5' Turnaround Jump Shot,8:27 PM
191,0,4,222,21500477,DeRozan REBOUND (Off:1 Def:1),,3:23,2,4,0,0,201942,DeMar DeRozan,TOR,Toronto,1610612761,Raptors,0,,,,,,0,,,,,,,,,8:27 PM
192,2,6,223,21500477,,,3:17,2,5,4,1,201162,Jared Dudley,WAS,Washington,1610612764,Wizards,2449,Luis Scola,TOR,Toronto,1610612761,Raptors,0,,,,,,,,Dudley S.FOUL (P2.T4) (D.Guthrie),8:27 PM
193,1,18,224,21500477,,,3:17,2,,0,1,223,Bill Curley,,,,,0,,,,,,0,,,,,,,,,8:28 PM
194,11,3,225,21500477,Scola Free Throw 1 of 2 (3 PTS),,3:17,2,4,0,0,2449,Luis Scola,TOR,Toronto,1610612761,Raptors,0,,,,,,0,,,,,,37 - 43,6,,8:28 PM
195,0,8,227,21500477,SUB: Ross FOR Lowry,,3:17,2,4,4,0,200768,Kyle Lowry,TOR,Toronto,1610612761,Raptors,203082,Terrence Ross,TOR,Toronto,1610612761,Raptors,0,,,,,,,,,8:29 PM
196,0,8,240,21500477,SUB: Joseph FOR Carroll,,3:17,2,4,4,0,201960,DeMarre Carroll,TOR,Toronto,1610612761,Raptors,202709,Cory Joseph,TOR,Toronto,1610612761,Raptors,0,,,,,,,,,8:29 PM
197,12,3,228,21500477,Scola Free Throw 2 of 2 (4 PTS),,3:17,2,4,0,0,2449,Luis Scola,TOR,Toronto,1610612761,Raptors,0,,,,,,0,,,,,,37 - 44,7,,8:29 PM
198,71,2,231,21500477,,,3:01,2,5,0,0,101162,Marcin Gortat,WAS,Washington,1610612764,Wizards,0,,,,,,0,,,,,,,,MISS Gortat 1' Finger Roll Layup,8:29 PM
199,0,4,232,21500477,,,3:00,2,5,0,0,101162,Marcin Gortat,WAS,Washington,1610612764,Wizards,0,,,,,,0,,,,,,,,Gortat REBOUND (Off:2 Def:2),8:29 PM
200,47,2,233,21500477,,,2:57,2,5,0,0,101162,Marcin Gortat,WAS,Washington,1610612764,Wizards,0,,,,,,0,,,,,,,,MISS Gortat 4' Turnaround Jump Shot,8:29 PM
201,0,4,234,21500477,Valanciunas REBOUND (Off:3 Def:2),,2:56,2,4,0,0,202685,Jonas Valanciunas,TOR,Toronto,1610612761,Raptors,0,,,,,,0,,,,,,,,,8:29 PM
202,101,2,235,21500477,MISS DeRozan 2' Driving Floating Jump Shot,,2:46,2,4,0,0,201942,DeMar DeRozan,TOR,Toronto,1610612761,Raptors,0,,,,,,0,,,,,,,,,8:30 PM
203,0,4,236,21500477,DeRozan REBOUND (Off:2 Def:1),,2:46,2,4,0,0,201942,DeMar DeRozan,TOR,Toronto,1610612761,Raptors,0,,,,,,0,,,,,,,,,8:30 PM
204,1,6,237,21500477,,,2:46,2,5,4,1,101162,Marcin Gortat,WAS,Washington,1610612764,Wizards,201942,DeMar DeRozan,TOR,Toronto,1610612761,Raptors,0,,,,,,,,Gortat P.FOUL (P1.PN) (D.Guthrie),8:30 PM
205,1,9,238,21500477,RAPTORS Timeout: Regular (Full 2 Short 0),,2:46,2,2,0,0,1610612761,,,,,,0,,,,,,0,,,,,,,,,8:30 PM
206,0,8,241,21500477,SUB: Biyombo FOR Valanciunas,,2:46,2,4,4,0,202685,Jonas Valanciunas,TOR,Toronto,1610612761,Raptors,202687,Bismack Biyombo,TOR,Toronto,1610612761,Raptors,0,,,,,,,,,8:32 PM
207,11,3,243,21500477,DeRozan Free Throw 1 of 2 (12 PTS),,2:46,2,4,0,0,201942,DeMar DeRozan,TOR,Toronto,1610612761,Raptors,0,,,,,,0,,,,,,37 - 45,8,,8:32 PM
208,12,3,245,21500477,DeRozan Free Throw 2 of 2 (13 PTS),,2:46,2,4,0,0,201942,DeMar DeRozan,TOR,Toronto,1610612761,Raptors,0,,,,,,0,,,,,,37 - 46,9,,8:32 PM
209,79,1,247,21500477,,,2:33,2,5,5,0,201162,Jared Dudley,WAS,Washington,1610612764,Wizards,202322,John Wall,WAS,Washington,1610612764,Wizards,0,,,,,,39 - 46,7,Dudley 20' Pullup Jump Shot (9 PTS) (Wall 4 AST),8:33 PM
210,98,2,248,21500477,MISS DeRozan 3' Cutting Layup Shot,,2:19,2,4,0,0,201942,DeMar DeRozan,TOR,Toronto,1610612761,Raptors,0,,,,,,0,,,,,,,,,8:33 PM
211,0,4,249,21500477,,,2:19,2,5,0,0,101162,Marcin Gortat,WAS,Washington,1610612764,Wizards,0,,,,,,0,,,,,,,,Gortat REBOUND (Off:2 Def:3),8:33 PM
212,1,5,250,21500477,DeRozan STEAL (1 STL),,2:13,2,5,4,0,202322,John Wall,WAS,Washington,1610612764,Wizards,201942,DeMar DeRozan,TOR,Toronto,1610612761,Raptors,0,,,,,,,,Wall Bad Pass Turnover (P1.T5),8:33 PM
213,2,6,252,21500477,,,2:09,2,5,4,1,202066,Garrett Temple,WAS,Washington,1610612764,Wizards,201942,DeMar DeRozan,TOR,Toronto,1610612761,Raptors,0,,,,,,,,Temple S.FOUL (P1.PN) (D.Guthrie),8:33 PM
214,11,3,253,21500477,DeRozan Free Throw 1 of 2 (14 PTS),,2:09,2,4,0,0,201942,DeMar DeRozan,TOR,Toronto,1610612761,Raptors,0,,,,,,0,,,,,,39 - 47,8,,8:33 PM
215,12,3,255,21500477,DeRozan Free Throw 2 of 2 (15 PTS),,2:09,2,4,0,0,201942,DeMar DeRozan,TOR,Toronto,1610612761,Raptors,0,,,,,,0,,,,,,39 - 48,9,,8:34 PM
216,98,2,257,21500477,,,1:55,2,5,0,0,202066,Garrett Temple,WAS,Washington,1610612764,Wizards,0,,,,,,0,,,,,,,,MISS Temple 1' Cutting Layup Shot,8:34 PM
217,0,4,258,21500477,,,1:54,2,5,0,0,101162,Marcin Gortat,WAS,Washington,1610612764,Wizards,0,,,,,,0,,,,,,,,Gortat REBOUND (Off:3 Def:3),8:34 PM
218,97,1,259,21500477,,,1:50,2,5,0,0,101162,Marcin Gortat,WAS,Washington,1610612764,Wizards,0,,,,,,0,,,,,,41 - 48,7,Gortat 2' Tip Layup Shot (10 PTS),8:34 PM
219,2,6,260,21500477,,,1:35,2,5,4,1,202066,Garrett Temple,WAS,Washington,1610612764,Wizards,201942,DeMar DeRozan,TOR,Toronto,1610612761,Raptors,0,,,,,,,,Temple S.FOUL (P2.PN) (D.Guthrie),8:34 PM
220,11,3,261,21500477,DeRozan Free Throw 1 of 2 (16 PTS),,1:35,2,4,0,0,201942,DeMar DeRozan,TOR,Toronto,1610612761,Raptors,0,,,,,,0,,,,,,41 - 49,8,,8:35 PM
221,0,8,263,21500477,,,1:35,2,5,5,0,202066,Garrett Temple,WAS,Washington,1610612764,Wizards,201196,Ramon Sessions,WAS,Washington,1610612764,Wizards,0,,,,,,,,SUB: Sessions FOR Temple,8:35 PM
222,12,3,264,21500477,DeRozan Free Throw 2 of 2 (17 PTS),,1:35,2,4,0,0,201942,DeMar DeRozan,TOR,Toronto,1610612761,Raptors,0,,,,,,0,,,,,,41 - 50,9,,8:35 PM
223,1,5,266,21500477,Joseph STEAL (1 STL),,1:26,2,5,4,0,201162,Jared Dudley,WAS,Washington,1610612764,Wizards,202709,Cory Joseph,TOR,Toronto,1610612761,Raptors,0,,,,,,,,Dudley Bad Pass Turnover (P1.T6),8:35 PM
224,1,2,268,21500477,MISS Scola 24' 3PT Jump Shot,,1:08,2,4,0,0,2449,Luis Scola,TOR,Toronto,1610612761,Raptors,0,,,,,,0,,,,,,,,,8:36 PM
225,0,4,269,21500477,,,1:07,2,5,0,0,202322,John Wall,WAS,Washington,1610612764,Wizards,0,,,,,,0,,,,,,,,Wall REBOUND (Off:0 Def:5),8:36 PM
226,79,2,270,21500477,,,0:48,2,5,0,0,202322,John Wall,WAS,Washington,1610612764,Wizards,0,,,,,,0,,,,,,,,MISS Wall 10' Pullup Jump Shot,8:36 PM
227,0,4,271,21500477,Ross REBOUND (Off:1 Def:2),,0:46,2,4,0,0,203082,Terrence Ross,TOR,Toronto,1610612761,Raptors,0,,,,,,0,,,,,,,,,8:36 PM
228,79,2,272,21500477,MISS Ross 25' 3PT Pullup Jump Shot,,0:37,2,4,0,0,203082,Terrence Ross,TOR,Toronto,1610612761,Raptors,0,,,,,,0,,,,,,,,,8:37 PM
229,0,4,273,21500477,,,0:37,2,5,0,0,202322,John Wall,WAS,Washington,1610612764,Wizards,0,,,,,,0,,,,,,,,Wall REBOUND (Off:0 Def:6),8:37 PM
230,1,2,274,21500477,,,0:29,2,5,0,0,203490,Otto Porter,WAS,Washington,1610612764,Wizards,0,,,,,,0,,,,,,,,MISS Porter Jr. 11' Jump Shot,8:37 PM
231,0,4,275,21500477,,,0:29,2,5,0,0,203490,Otto Porter,WAS,Washington,1610612764,Wizards,0,,,,,,0,,,,,,,,Porter Jr. REBOUND (Off:1 Def:3),8:37 PM
232,1,2,276,21500477,,,0:24,2,5,0,0,201162,Jared Dudley,WAS,Washington,1610612764,Wizards,0,,,,,,0,,,,,,,,MISS Dudley  3PT Jump Shot,8:37 PM
233,0,4,277,21500477,Scola REBOUND (Off:0 Def:5),,0:23,2,4,0,0,2449,Luis Scola,TOR,Toronto,1610612761,Raptors,0,,,,,,0,,,,,,,,,8:37 PM
234,1,2,278,21500477,MISS Scola 19' Jump Shot,,0:03,2,4,0,0,2449,Luis Scola,TOR,Toronto,1610612761,Raptors,0,,,,,,0,,,,,,,,,8:37 PM
235,0,4,279,21500477,RAPTORS Rebound,,0:03,2,2,0,0,1610612761,,,,,,0,,,,,,0,,,,,,,,,8:37 PM
236,1,6,280,21500477,,,0:03,2,5,4,1,101162,Marcin Gortat,WAS,Washington,1610612764,Wizards,202687,Bismack Biyombo,TOR,Toronto,1610612761,Raptors,0,,,,,,,,Gortat P.FOUL (P2.PN) (T.Ford),8:37 PM
237,11,3,281,21500477,Biyombo Free Throw 1 of 2 (7 PTS),,0:03,2,4,0,0,202687,Bismack Biyombo,TOR,Toronto,1610612761,Raptors,0,,,,,,0,,,,,,41 - 51,10,,8:38 PM
238,0,8,283,21500477,,,0:03,2,5,5,0,101162,Marcin Gortat,WAS,Washington,1610612764,Wizards,2743,Kris Humphries,WAS,Washington,1610612764,Wizards,0,,,,,,,,SUB: Humphries FOR Gortat,8:38 PM
239,0,8,284,21500477,SUB: Patterson FOR Scola,,0:03,2,4,4,0,2449,Luis Scola,TOR,Toronto,1610612761,Raptors,202335,Patrick Patterson,TOR,Toronto,1610612761,Raptors,0,,,,,,,,,8:38 PM
240,12,3,285,21500477,Biyombo Free Throw 2 of 2 (8 PTS),,0:03,2,4,0,0,202687,Bismack Biyombo,TOR,Toronto,1610612761,Raptors,0,,,,,,0,,,,,,41 - 52,11,,8:38 PM
241,1,6,287,21500477,Joseph P.FOUL (P2.T2) (P.Fraher),,0:03,2,4,5,1,202709,Cory Joseph,TOR,Toronto,1610612761,Raptors,202322,John Wall,WAS,Washington,1610612764,Wizards,0,,,,,,,,,8:38 PM
242,2,9,288,21500477,,,0:03,2,3,0,0,1610612764,,,,,,0,,,,,,0,,,,,,,,Wizards Timeout: Short (Reg.2 Short 1),8:39 PM
243,0,8,290,21500477,,,0:03,2,5,5,0,2743,Kris Humphries,WAS,Washington,1610612764,Wizards,101162,Marcin Gortat,WAS,Washington,1610612764,Wizards,0,,,,,,,,SUB: Gortat FOR Humphries,8:40 PM
244,79,2,291,21500477,,,0:00,2,5,0,0,202322,John Wall,WAS,Washington,1610612764,Wizards,0,,,,,,0,,,,,,,,MISS Wall 26' 3PT Pullup Jump Shot,8:40 PM
245,0,4,292,21500477,,,0:00,2,3,0,0,1610612764,,,,,,0,,,,,,0,,,,,,,,Wizards Rebound,8:40 PM
246,0,13,293,21500477,,,0:00,2,0,0,0,0,,,,,,0,,,,,,0,,,,,,41 - 52,11,,8:40 PM
247,0,12,295,21500477,,,12:00,3,0,0,0,0,,,,,,0,,,,,,0,,,,,,41 - 52,11,,8:56 PM
248,47,2,296,21500477,,,11:40,3,5,0,0,101162,Marcin Gortat,WAS,Washington,1610612764,Wizards,0,,,,,,0,,,,,,,,MISS Gortat 8' Turnaround Jump Shot,8:56 PM
249,0,4,297,21500477,Carroll REBOUND (Off:1 Def:3),,11:40,3,4,0,0,201960,DeMarre Carroll,TOR,Toronto,1610612761,Raptors,0,,,,,,0,,,,,,,,,8:56 PM
250,26,6,298,21500477,Lowry Offensive Charge Foul (P1.T1) (T.Ford),,11:28,3,4,5,1,200768,Kyle Lowry,TOR,Toronto,1610612761,Raptors,101162,Marcin Gortat,WAS,Washington,1610612764,Wizards,0,,,,,,,,,8:56 PM
251,5,5,299,21500477,Lowry Foul Turnover (P5.T9),,11:28,3,4,0,1,200768,Kyle Lowry,TOR,Toronto,1610612761,Raptors,0,,,,,,0,,,,,,,,,8:56 PM
252,29,6,300,21500477,Valanciunas Shooting Block Foul (P3.T2) (D.Guthrie),,11:14,3,4,5,1,202685,Jonas Valanciunas,TOR,Toronto,1610612761,Raptors,203490,Otto Porter,WAS,Washington,1610612764,Wizards,0,,,,,,,,,8:57 PM
253,11,3,301,21500477,,,11:14,3,5,0,0,203490,Otto Porter,WAS,Washington,1610612764,Wizards,0,,,,,,0,,,,,,,,MISS Porter Jr. Free Throw 1 of 2,8:57 PM
254,1,4,302,21500477,,,11:14,3,3,0,0,1610612764,,,,,,0,,,,,,0,,,,,,,,Wizards Rebound,8:57 PM
255,12,3,303,21500477,,,11:14,3,5,0,0,203490,Otto Porter,WAS,Washington,1610612764,Wizards,0,,,,,,0,,,,,,42 - 52,10,Porter Jr. Free Throw 2 of 2 (8 PTS),8:58 PM
256,1,2,306,21500477,MISS DeRozan 25' 3PT Jump Shot,,10:50,3,4,0,0,201942,DeMar DeRozan,TOR,Toronto,1610612761,Raptors,0,,,,,,0,,,,,,,,,8:59 PM
257,0,4,307,21500477,RAPTORS Rebound,,10:49,3,2,0,0,1610612761,,,,,,0,,,,,,0,,,,,,,,,8:59 PM
258,11,5,308,21500477,RAPTORS Turnover: Shot Clock (T#10),,10:49,3,2,0,1,1610612761,,,,,,0,,,,,,0,,,,,,,,,8:59 PM
259,79,1,309,21500477,,,10:35,3,5,0,0,203490,Otto Porter,WAS,Washington,1610612764,Wizards,0,,,,,,0,,,,,,44 - 52,8,Porter Jr. 18' Pullup Jump Shot (10 PTS),8:59 PM
260,5,1,311,21500477,Valanciunas 1' Layup (8 PTS) (Lowry 5 AST),,10:10,3,4,4,0,202685,Jonas Valanciunas,TOR,Toronto,1610612761,Raptors,200768,Kyle Lowry,TOR,Toronto,1610612761,Raptors,0,,,,,,44 - 54,10,,9:00 PM
261,79,1,312,21500477,,,9:57,3,5,5,0,203490,Otto Porter,WAS,Washington,1610612764,Wizards,202322,John Wall,WAS,Washington,1610612764,Wizards,0,,,,,,46 - 54,8,Porter Jr. 17' Pullup Jump Shot (12 PTS) (Wall 5 AST),9:00 PM
262,79,2,313,21500477,MISS DeRozan 10' Pullup Jump Shot,,9:38,3,4,0,0,201942,DeMar DeRozan,TOR,Toronto,1610612761,Raptors,0,,,,,,0,,,,,,,,,9:00 PM
263,0,4,314,21500477,Valanciunas REBOUND (Off:4 Def:2),,9:37,3,4,0,0,202685,Jonas Valanciunas,TOR,Toronto,1610612761,Raptors,0,,,,,,0,,,,,,,,,9:00 PM
264,1,6,315,21500477,,,9:37,3,5,4,1,101162,Marcin Gortat,WAS,Washington,1610612764,Wizards,202685,Jonas Valanciunas,TOR,Toronto,1610612761,Raptors,0,,,,,,,,Gortat P.FOUL (P3.T1) (D.Guthrie),9:01 PM
265,101,2,316,21500477,MISS Valanciunas 3' Driving Floating Jump Shot,,9:27,3,4,0,5,202685,Jonas Valanciunas,TOR,Toronto,1610612761,Raptors,0,,,,,,101162,Marcin Gortat,WAS,Washington,1610612764,Wizards,,,Gortat BLOCK (3 BLK),9:01 PM
266,0,4,317,21500477,,,9:25,3,5,0,0,203490,Otto Porter,WAS,Washington,1610612764,Wizards,0,,,,,,0,,,,,,,,Porter Jr. REBOUND (Off:1 Def:4),9:01 PM
267,79,2,318,21500477,,,9:14,3,5,0,0,202322,John Wall,WAS,Washington,1610612764,Wizards,0,,,,,,0,,,,,,,,MISS Wall 18' Pullup Jump Shot,9:01 PM
268,0,4,319,21500477,Valanciunas REBOUND (Off:4 Def:3),,9:13,3,4,0,0,202685,Jonas Valanciunas,TOR,Toronto,1610612761,Raptors,0,,,,,,0,,,,,,,,,9:01 PM
269,102,2,320,21500477,MISS DeRozan 5' Driving Floating Bank Jump Shot,,9:00,3,4,0,0,201942,DeMar DeRozan,TOR,Toronto,1610612761,Raptors,0,,,,,,0,,,,,,,,,9:02 PM
270,0,4,321,21500477,,,9:00,3,5,0,0,201162,Jared Dudley,WAS,Washington,1610612764,Wizards,0,,,,,,0,,,,,,,,Dudley REBOUND (Off:0 Def:2),9:02 PM
271,1,1,322,21500477,,,8:48,3,5,5,0,203490,Otto Porter,WAS,Washington,1610612764,Wizards,202322,John Wall,WAS,Washington,1610612764,Wizards,0,,,,,,49 - 54,5,Porter Jr.  3PT Jump Shot (15 PTS) (Wall 6 AST),9:02 PM
272,1,2,323,21500477,MISS Lowry 26' 3PT Jump Shot,,8:30,3,4,0,0,200768,Kyle Lowry,TOR,Toronto,1610612761,Raptors,0,,,,,,0,,,,,,,,,9:02 PM
273,0,4,324,21500477,,,8:30,3,5,0,0,202066,Garrett Temple,WAS,Washington,1610612764,Wizards,0,,,,,,0,,,,,,,,Temple REBOUND (Off:1 Def:2),9:02 PM
274,2,6,325,21500477,Scola S.FOUL (P1.T3) (T.Ford),,8:27,3,4,5,1,2449,Luis Scola,TOR,Toronto,1610612761,Raptors,202066,Garrett Temple,WAS,Washington,1610612764,Wizards,0,,,,,,,,,9:02 PM
275,11,3,326,21500477,,,8:27,3,5,0,0,202066,Garrett Temple,WAS,Washington,1610612764,Wizards,0,,,,,,0,,,,,,,,MISS Temple Free Throw 1 of 2,9:03 PM
276,1,4,327,21500477,,,8:27,3,3,0,0,1610612764,,,,,,0,,,,,,0,,,,,,,,Wizards Rebound,9:03 PM
277,12,3,328,21500477,,,8:27,3,5,0,0,202066,Garrett Temple,WAS,Washington,1610612764,Wizards,0,,,,,,0,,,,,,50 - 54,4,Temple Free Throw 2 of 2 (4 PTS),9:03 PM
278,1,2,330,21500477,MISS Carroll 25' 3PT Jump Shot,,8:19,3,4,0,0,201960,DeMarre Carroll,TOR,Toronto,1610612761,Raptors,0,,,,,,0,,,,,,,,,9:03 PM
279,0,4,331,21500477,,,8:18,3,5,0,0,202066,Garrett Temple,WAS,Washington,1610612764,Wizards,0,,,,,,0,,,,,,,,Temple REBOUND (Off:1 Def:3),9:03 PM
280,1,2,332,21500477,,,8:07,3,5,0,0,201162,Jared Dudley,WAS,Washington,1610612764,Wizards,0,,,,,,0,,,,,,,,MISS Dudley 24' 3PT Jump Shot,9:03 PM
281,0,4,333,21500477,Scola REBOUND (Off:0 Def:6),,8:06,3,4,0,0,2449,Luis Scola,TOR,Toronto,1610612761,Raptors,0,,,,,,0,,,,,,,,,9:03 PM
282,1,9,334,21500477,RAPTORS Timeout: Regular (Full 3 Short 0),,8:01,3,2,0,0,1610612761,,,,,,0,,,,,,0,,,,,,,,,9:03 PM
283,1,6,338,21500477,,,7:53,3,5,4,1,201162,Jared Dudley,WAS,Washington,1610612764,Wizards,200768,Kyle Lowry,TOR,Toronto,1610612761,Raptors,0,,,,,,,,Dudley P.FOUL (P3.T2) (P.Fraher),9:06 PM
284,63,2,339,21500477,MISS DeRozan 16' Fadeaway Jumper,,7:38,3,4,0,0,201942,DeMar DeRozan,TOR,Toronto,1610612761,Raptors,0,,,,,,0,,,,,,,,,9:07 PM
285,0,4,340,21500477,Carroll REBOUND (Off:2 Def:3),,7:37,3,4,0,0,201960,DeMarre Carroll,TOR,Toronto,1610612761,Raptors,0,,,,,,0,,,,,,,,,9:07 PM
286,2,5,341,21500477,Lowry Lost Ball Turnover (P6.T11),,7:24,3,4,5,0,200768,Kyle Lowry,TOR,Toronto,1610612761,Raptors,202322,John Wall,WAS,Washington,1610612764,Wizards,0,,,,,,,,Wall STEAL (3 STL),9:07 PM
287,50,1,342,21500477,,,7:19,3,5,5,0,202322,John Wall,WAS,Washington,1610612764,Wizards,202066,Garrett Temple,WAS,Washington,1610612764,Wizards,0,,,,,,52 - 54,2,Wall  Running Dunk (14 PTS) (Temple 2 AST),9:07 PM
288,42,1,343,21500477,DeRozan 2' Driving Layup (19 PTS),,6:49,3,4,0,0,201942,DeMar DeRozan,TOR,Toronto,1610612761,Raptors,0,,,,,,0,,,,,,52 - 56,4,,9:07 PM
289,1,5,344,21500477,,,6:38,3,5,0,1,203490,Otto Porter,WAS,Washington,1610612764,Wizards,0,,,,,,0,,,,,,,,Porter Jr. Bad Pass Turnover (P2.T7),9:08 PM
290,1,6,345,21500477,,,6:22,3,5,4,1,202066,Garrett Temple,WAS,Washington,1610612764,Wizards,201942,DeMar DeRozan,TOR,Toronto,1610612761,Raptors,0,,,,,,,,Temple P.FOUL (P3.T3) (T.Ford),9:08 PM
291,0,8,346,21500477,SUB: Ross FOR Carroll,,6:22,3,4,4,0,201960,DeMarre Carroll,TOR,Toronto,1610612761,Raptors,203082,Terrence Ross,TOR,Toronto,1610612761,Raptors,0,,,,,,,,,9:08 PM
292,0,8,347,21500477,SUB: Biyombo FOR Valanciunas,,6:22,3,4,4,0,202685,Jonas Valanciunas,TOR,Toronto,1610612761,Raptors,202687,Bismack Biyombo,TOR,Toronto,1610612761,Raptors,0,,,,,,,,,9:08 PM
293,67,1,348,21500477,DeRozan 8' Hook Bank Shot (21 PTS) (Lowry 6 AST),,6:12,3,4,4,0,201942,DeMar DeRozan,TOR,Toronto,1610612761,Raptors,200768,Kyle Lowry,TOR,Toronto,1610612761,Raptors,0,,,,,,52 - 58,6,,9:09 PM
294,3,6,349,21500477,,,6:12,3,5,4,1,202066,Garrett Temple,WAS,Washington,1610612764,Wizards,202687,Bismack Biyombo,TOR,Toronto,1610612761,Raptors,0,,,,,,,,Temple L.B.FOUL (P4.T4) (P.Fraher),9:09 PM
295,0,8,350,21500477,,,6:12,3,5,5,0,202066,Garrett Temple,WAS,Washington,1610612764,Wizards,201196,Ramon Sessions,WAS,Washington,1610612764,Wizards,0,,,,,,,,SUB: Sessions FOR Temple,9:09 PM
296,10,3,351,21500477,MISS Biyombo Free Throw 1 of 1,,6:12,3,4,0,0,202687,Bismack Biyombo,TOR,Toronto,1610612761,Raptors,0,,,,,,0,,,,,,,,,9:10 PM
297,0,4,353,21500477,,,6:11,3,5,0,0,203490,Otto Porter,WAS,Washington,1610612764,Wizards,0,,,,,,0,,,,,,,,Porter Jr. REBOUND (Off:1 Def:5),9:10 PM
298,45,5,354,21500477,,,5:59,3,5,0,1,202322,John Wall,WAS,Washington,1610612764,Wizards,0,,,,,,0,,,,,,,,Wall Out of Bounds - Bad Pass Turnover Turnover (P2.T8),9:10 PM
299,63,2,355,21500477,MISS Scola 8' Fadeaway Jumper,,5:47,3,4,0,0,2449,Luis Scola,TOR,Toronto,1610612761,Raptors,0,,,,,,0,,,,,,,,,9:10 PM
300,0,4,356,21500477,,,5:46,3,5,0,0,201196,Ramon Sessions,WAS,Washington,1610612764,Wizards,0,,,,,,0,,,,,,,,Sessions REBOUND (Off:0 Def:1),9:10 PM
301,1,1,357,21500477,,,5:37,3,5,5,0,201196,Ramon Sessions,WAS,Washington,1610612764,Wizards,202322,John Wall,WAS,Washington,1610612764,Wizards,0,,,,,,55 - 58,3,Sessions 24' 3PT Jump Shot (3 PTS) (Wall 7 AST),9:10 PM
302,79,1,358,21500477,Ross 10' Pullup Jump Shot (6 PTS),,5:17,3,4,0,0,203082,Terrence Ross,TOR,Toronto,1610612761,Raptors,0,,,,,,0,,,,,,55 - 60,5,,9:11 PM
303,79,2,359,21500477,,,4:58,3,5,0,0,202322,John Wall,WAS,Washington,1610612764,Wizards,0,,,,,,0,,,,,,,,MISS Wall 16' Pullup Jump Shot,9:11 PM
304,0,4,360,21500477,Scola REBOUND (Off:0 Def:7),,4:58,3,4,0,0,2449,Luis Scola,TOR,Toronto,1610612761,Raptors,0,,,,,,0,,,,,,,,,9:11 PM
305,5,1,361,21500477,DeRozan 2' Layup (23 PTS),,4:46,3,4,0,0,201942,DeMar DeRozan,TOR,Toronto,1610612761,Raptors,0,,,,,,0,,,,,,55 - 62,7,,9:11 PM
306,1,9,362,21500477,,,4:46,3,3,0,0,1610612764,,,,,,0,,,,,,0,,,,,,,,Wizards Timeout: Regular (Reg.3 Short 1),9:11 PM
307,0,8,365,21500477,,,4:46,3,5,5,0,203490,Otto Porter,WAS,Washington,1610612764,Wizards,1626162,Kelly Oubre Jr.,WAS,Washington,1610612764,Wizards,0,,,,,,,,SUB: Oubre Jr. FOR Porter Jr.,9:13 PM
308,2,2,366,21500477,DeRozan BLOCK (2 BLK),,4:27,3,5,0,4,101162,Marcin Gortat,WAS,Washington,1610612764,Wizards,0,,,,,,201942,DeMar DeRozan,TOR,Toronto,1610612761,Raptors,,,MISS Gortat 6' Running Jump Shot,9:14 PM
309,0,4,376,21500477,DeRozan REBOUND (Off:2 Def:2),,4:26,3,4,0,0,201942,DeMar DeRozan,TOR,Toronto,1610612761,Raptors,0,,,,,,0,,,,,,,,,9:14 PM
310,86,2,367,21500477,MISS DeRozan 13' Turnaround Fadeaway Shot,,4:16,3,4,0,0,201942,DeMar DeRozan,TOR,Toronto,1610612761,Raptors,0,,,,,,0,,,,,,,,,9:14 PM
311,0,4,368,21500477,RAPTORS Rebound,,4:15,3,2,0,0,1610612761,,,,,,0,,,,,,0,,,,,,,,,9:14 PM
312,3,6,369,21500477,,,4:15,3,5,4,1,101162,Marcin Gortat,WAS,Washington,1610612764,Wizards,202687,Bismack Biyombo,TOR,Toronto,1610612761,Raptors,0,,,,,,,,Gortat L.B.FOUL (P4.PN) (T.Ford),9:14 PM
313,11,3,370,21500477,Biyombo Free Throw 1 of 2 (9 PTS),,4:15,3,4,0,0,202687,Bismack Biyombo,TOR,Toronto,1610612761,Raptors,0,,,,,,0,,,,,,55 - 63,8,,9:15 PM
314,0,8,372,21500477,,,4:15,3,5,5,0,101162,Marcin Gortat,WAS,Washington,1610612764,Wizards,2743,Kris Humphries,WAS,Washington,1610612764,Wizards,0,,,,,,,,SUB: Humphries FOR Gortat,9:15 PM
315,0,8,373,21500477,SUB: Patterson FOR Scola,,4:15,3,4,4,0,2449,Luis Scola,TOR,Toronto,1610612761,Raptors,202335,Patrick Patterson,TOR,Toronto,1610612761,Raptors,0,,,,,,,,,9:15 PM
316,12,3,374,21500477,Biyombo Free Throw 2 of 2 (10 PTS),,4:15,3,4,0,0,202687,Bismack Biyombo,TOR,Toronto,1610612761,Raptors,0,,,,,,0,,,,,,55 - 64,9,,9:15 PM
317,1,2,377,21500477,,,3:54,3,5,0,0,1626162,Kelly Oubre Jr.,WAS,Washington,1610612764,Wizards,0,,,,,,0,,,,,,,,MISS Oubre Jr. 26' 3PT Jump Shot,9:16 PM
318,0,4,379,21500477,DeRozan REBOUND (Off:2 Def:3),,3:54,3,4,0,0,201942,DeMar DeRozan,TOR,Toronto,1610612761,Raptors,0,,,,,,0,,,,,,,,,9:16 PM
319,1,5,380,21500477,DeRozan Bad Pass Turnover (P3.T12),,3:49,3,4,5,0,201942,DeMar DeRozan,TOR,Toronto,1610612761,Raptors,201162,Jared Dudley,WAS,Washington,1610612764,Wizards,0,,,,,,,,Dudley STEAL (1 STL),9:16 PM
320,41,2,381,21500477,Biyombo BLOCK (1 BLK),,3:43,3,5,0,4,202322,John Wall,WAS,Washington,1610612764,Wizards,0,,,,,,202687,Bismack Biyombo,TOR,Toronto,1610612761,Raptors,,,MISS Wall 3' Running Layup,9:16 PM
321,0,4,382,21500477,,,3:41,3,5,0,0,2743,Kris Humphries,WAS,Washington,1610612764,Wizards,0,,,,,,0,,,,,,,,Humphries REBOUND (Off:1 Def:0),9:16 PM
322,97,1,383,21500477,,,3:38,3,5,0,0,2743,Kris Humphries,WAS,Washington,1610612764,Wizards,0,,,,,,0,,,,,,57 - 64,7,Humphries 1' Tip Layup Shot (2 PTS),9:16 PM
323,2,5,385,21500477,Patterson Lost Ball Turnover (P1.T13),,3:27,3,4,5,0,202335,Patrick Patterson,TOR,Toronto,1610612761,Raptors,201162,Jared Dudley,WAS,Washington,1610612764,Wizards,0,,,,,,,,Dudley STEAL (2 STL),9:16 PM
324,2,7,387,21500477,Biyombo Violation:Defensive Goaltending (T.Ford),,3:24,3,4,0,1,202687,Bismack Biyombo,TOR,Toronto,1610612761,Raptors,0,,,,,,0,,,,,,,,,9:16 PM
325,41,1,386,21500477,,,3:24,3,5,5,0,201196,Ramon Sessions,WAS,Washington,1610612764,Wizards,1626162,Kelly Oubre Jr.,WAS,Washington,1610612764,Wizards,0,,,,,,59 - 64,5,Sessions 1' Running Layup (5 PTS) (Oubre Jr. 1 AST),9:16 PM
326,17,6,388,21500477,,,3:10,3,5,0,1,2743,Kris Humphries,WAS,Washington,1610612764,Wizards,0,,,,,,0,,,,,,,,Wizards T.Foul (Def. 3 Sec Humphries ) (P.Fraher),9:17 PM
327,16,3,389,21500477,Lowry Free Throw Technical (7 PTS),,3:10,3,4,0,0,200768,Kyle Lowry,TOR,Toronto,1610612761,Raptors,0,,,,,,0,,,,,,59 - 65,6,,9:17 PM
328,2,5,391,21500477,Patterson Lost Ball Turnover (P2.T14),,3:03,3,4,5,0,202335,Patrick Patterson,TOR,Toronto,1610612761,Raptors,201162,Jared Dudley,WAS,Washington,1610612764,Wizards,0,,,,,,,,Dudley STEAL (3 STL),9:18 PM
329,41,1,393,21500477,,,2:59,3,5,0,0,201162,Jared Dudley,WAS,Washington,1610612764,Wizards,0,,,,,,0,,,,,,61 - 65,4,Dudley 2' Running Layup (11 PTS),9:18 PM
330,2,6,394,21500477,Patterson S.FOUL (P1.T4) (T.Ford),,2:59,3,4,5,1,202335,Patrick Patterson,TOR,Toronto,1610612761,Raptors,201162,Jared Dudley,WAS,Washington,1610612764,Wizards,0,,,,,,,,,9:18 PM
331,10,3,395,21500477,,,2:59,3,5,0,0,201162,Jared Dudley,WAS,Washington,1610612764,Wizards,0,,,,,,0,,,,,,62 - 65,3,Dudley Free Throw 1 of 1 (12 PTS),9:18 PM
332,1,1,398,21500477,Ross 24' 3PT Jump Shot (9 PTS) (DeRozan 4 AST),,2:45,3,4,4,0,203082,Terrence Ross,TOR,Toronto,1610612761,Raptors,201942,DeMar DeRozan,TOR,Toronto,1610612761,Raptors,0,,,,,,62 - 68,6,,9:18 PM
333,1,2,399,21500477,,,2:33,3,5,0,0,2743,Kris Humphries,WAS,Washington,1610612764,Wizards,0,,,,,,0,,,,,,,,MISS Humphries 25' 3PT Jump Shot,9:18 PM
334,0,4,400,21500477,Ross REBOUND (Off:1 Def:3),,2:32,3,4,0,0,203082,Terrence Ross,TOR,Toronto,1610612761,Raptors,0,,,,,,0,,,,,,,,,9:18 PM
335,1,1,401,21500477,DeRozan 16' Jump Shot (25 PTS),,2:19,3,4,0,0,201942,DeMar DeRozan,TOR,Toronto,1610612761,Raptors,0,,,,,,0,,,,,,62 - 70,8,,9:19 PM
336,79,2,402,21500477,,,2:07,3,5,0,0,202322,John Wall,WAS,Washington,1610612764,Wizards,0,,,,,,0,,,,,,,,MISS Wall 10' Pullup Jump Shot,9:19 PM
337,0,4,403,21500477,Lowry REBOUND (Off:0 Def:2),,2:06,3,4,0,0,200768,Kyle Lowry,TOR,Toronto,1610612761,Raptors,0,,,,,,0,,,,,,,,,9:19 PM
338,1,2,404,21500477,MISS Lowry 24' 3PT Jump Shot,,1:57,3,4,0,0,200768,Kyle Lowry,TOR,Toronto,1610612761,Raptors,0,,,,,,0,,,,,,,,,9:19 PM
339,0,4,405,21500477,,,1:56,3,3,0,0,1610612764,,,,,,0,,,,,,0,,,,,,,,Wizards Rebound,9:19 PM
340,0,8,406,21500477,SUB: Joseph FOR Lowry,,1:56,3,4,4,0,200768,Kyle Lowry,TOR,Toronto,1610612761,Raptors,202709,Cory Joseph,TOR,Toronto,1610612761,Raptors,0,,,,,,,,,9:19 PM
341,1,2,407,21500477,,,1:42,3,5,0,0,2743,Kris Humphries,WAS,Washington,1610612764,Wizards,0,,,,,,0,,,,,,,,MISS Humphries 17' Jump Shot,9:20 PM
342,0,4,408,21500477,Patterson REBOUND (Off:0 Def:2),,1:41,3,4,0,0,202335,Patrick Patterson,TOR,Toronto,1610612761,Raptors,0,,,,,,0,,,,,,,,,9:20 PM
343,1,2,409,21500477,MISS Ross 25' 3PT Jump Shot,,1:24,3,4,0,0,203082,Terrence Ross,TOR,Toronto,1610612761,Raptors,0,,,,,,0,,,,,,,,,9:20 PM
344,0,4,410,21500477,,,1:24,3,5,0,0,201196,Ramon Sessions,WAS,Washington,1610612764,Wizards,0,,,,,,0,,,,,,,,Sessions REBOUND (Off:0 Def:2),9:20 PM
345,1,6,411,21500477,Biyombo P.FOUL (P1.PN) (T.Ford),,1:17,3,4,5,1,202687,Bismack Biyombo,TOR,Toronto,1610612761,Raptors,2743,Kris Humphries,WAS,Washington,1610612764,Wizards,0,,,,,,,,,9:20 PM
346,0,8,412,21500477,,,1:17,3,5,5,0,201162,Jared Dudley,WAS,Washington,1610612764,Wizards,203490,Otto Porter,WAS,Washington,1610612764,Wizards,0,,,,,,,,SUB: Porter Jr. FOR Dudley,9:20 PM
347,101,2,413,21500477,,,1:10,3,5,0,0,201196,Ramon Sessions,WAS,Washington,1610612764,Wizards,0,,,,,,0,,,,,,,,MISS Sessions 8' Driving Floating Jump Shot,9:20 PM
348,0,4,414,21500477,Biyombo REBOUND (Off:4 Def:7),,1:09,3,4,0,0,202687,Bismack Biyombo,TOR,Toronto,1610612761,Raptors,0,,,,,,0,,,,,,,,,9:20 PM
349,1,1,415,21500477,Ross 26' 3PT Jump Shot (12 PTS) (DeRozan 5 AST),,0:52,3,4,4,0,203082,Terrence Ross,TOR,Toronto,1610612761,Raptors,201942,DeMar DeRozan,TOR,Toronto,1610612761,Raptors,0,,,,,,62 - 73,11,,9:21 PM
350,1,5,416,21500477,DeRozan STEAL (2 STL),,0:39,3,5,4,0,2743,Kris Humphries,WAS,Washington,1610612764,Wizards,201942,DeMar DeRozan,TOR,Toronto,1610612761,Raptors,0,,,,,,,,Humphries Bad Pass Turnover (P2.T9),9:21 PM
351,1,6,417,21500477,,,0:38,3,5,4,1,203490,Otto Porter,WAS,Washington,1610612764,Wizards,201942,DeMar DeRozan,TOR,Toronto,1610612761,Raptors,0,,,,,,,,Porter Jr. P.FOUL (P2.PN) (T.Ford),9:21 PM
352,11,3,418,21500477,DeRozan Free Throw 1 of 2 (26 PTS),,0:38,3,4,0,0,201942,DeMar DeRozan,TOR,Toronto,1610612761,Raptors,0,,,,,,0,,,,,,62 - 74,12,,9:21 PM
353,12,3,420,21500477,DeRozan Free Throw 2 of 2 (27 PTS),,0:38,3,4,0,0,201942,DeMar DeRozan,TOR,Toronto,1610612761,Raptors,0,,,,,,0,,,,,,62 - 75,13,,9:22 PM
354,1,1,422,21500477,,,0:20,3,5,5,0,203490,Otto Porter,WAS,Washington,1610612764,Wizards,202322,John Wall,WAS,Washington,1610612764,Wizards,0,,,,,,65 - 75,10,Porter Jr. 25' 3PT Jump Shot (18 PTS) (Wall 8 AST),9:22 PM
355,102,1,423,21500477,DeRozan 7' Driving Floating Bank Jump Shot (29 PTS),,0:00,3,4,0,0,201942,DeMar DeRozan,TOR,Toronto,1610612761,Raptors,0,,,,,,0,,,,,,65 - 77,12,,9:23 PM
356,0,13,424,21500477,,,0:00,3,0,0,0,0,,,,,,0,,,,,,0,,,,,,65 - 77,12,,9:23 PM
357,0,12,426,21500477,,,12:00,4,0,0,0,0,,,,,,0,,,,,,0,,,,,,65 - 77,12,,9:25 PM
358,1,2,427,21500477,MISS Ross 19' Jump Shot,,11:46,4,4,0,0,203082,Terrence Ross,TOR,Toronto,1610612761,Raptors,0,,,,,,0,,,,,,,,,9:26 PM
359,0,4,428,21500477,,,11:46,4,5,0,0,201196,Ramon Sessions,WAS,Washington,1610612764,Wizards,0,,,,,,0,,,,,,,,Sessions REBOUND (Off:0 Def:3),9:26 PM
360,45,5,429,21500477,,,11:34,4,5,0,1,1626162,Kelly Oubre Jr.,WAS,Washington,1610612764,Wizards,0,,,,,,0,,,,,,,,Oubre Jr. Out of Bounds - Bad Pass Turnover Turnover (P2.T10),9:26 PM
361,42,1,430,21500477,Joseph 3' Driving Layup (2 PTS),,11:27,4,4,0,0,202709,Cory Joseph,TOR,Toronto,1610612761,Raptors,0,,,,,,0,,,,,,65 - 79,14,,9:26 PM
362,2,6,431,21500477,,,11:27,4,5,4,1,1626162,Kelly Oubre Jr.,WAS,Washington,1610612764,Wizards,202709,Cory Joseph,TOR,Toronto,1610612761,Raptors,0,,,,,,,,Oubre Jr. S.FOUL (P2.T1) (P.Fraher),9:26 PM
363,10,3,432,21500477,MISS Joseph Free Throw 1 of 1,,11:27,4,4,0,0,202709,Cory Joseph,TOR,Toronto,1610612761,Raptors,0,,,,,,0,,,,,,,,,9:26 PM
364,0,4,434,21500477,,,11:26,4,5,0,0,2743,Kris Humphries,WAS,Washington,1610612764,Wizards,0,,,,,,0,,,,,,,,Humphries REBOUND (Off:1 Def:1),9:27 PM
365,102,1,435,21500477,,,11:09,4,5,0,0,1626162,Kelly Oubre Jr.,WAS,Washington,1610612764,Wizards,0,,,,,,0,,,,,,67 - 79,12,Oubre Jr. 4' Driving Floating Bank Jump Shot (2 PTS),9:27 PM
366,4,6,436,21500477,Biyombo OFF.Foul (P2) (T.Ford),,11:01,4,4,5,1,202687,Bismack Biyombo,TOR,Toronto,1610612761,Raptors,202066,Garrett Temple,WAS,Washington,1610612764,Wizards,0,,,,,,,,,9:27 PM
367,5,5,437,21500477,Biyombo Foul Turnover (P1.T15),,11:01,4,4,0,1,202687,Bismack Biyombo,TOR,Toronto,1610612761,Raptors,0,,,,,,0,,,,,,,,,9:27 PM
368,1,1,438,21500477,,,10:49,4,5,5,0,2743,Kris Humphries,WAS,Washington,1610612764,Wizards,201196,Ramon Sessions,WAS,Washington,1610612764,Wizards,0,,,,,,69 - 79,10,Humphries 19' Jump Shot (4 PTS) (Sessions 3 AST),9:27 PM
369,2,6,439,21500477,,,10:25,4,5,4,1,1626162,Kelly Oubre Jr.,WAS,Washington,1610612764,Wizards,202709,Cory Joseph,TOR,Toronto,1610612761,Raptors,0,,,,,,,,Oubre Jr. S.FOUL (P3.T2) (D.Guthrie),9:28 PM
370,11,3,440,21500477,Joseph Free Throw 1 of 2 (3 PTS),,10:25,4,4,0,0,202709,Cory Joseph,TOR,Toronto,1610612761,Raptors,0,,,,,,0,,,,,,69 - 80,11,,9:28 PM
371,12,3,442,21500477,Joseph Free Throw 2 of 2 (4 PTS),,10:25,4,4,0,0,202709,Cory Joseph,TOR,Toronto,1610612761,Raptors,0,,,,,,0,,,,,,69 - 81,12,,9:28 PM
372,101,1,444,21500477,,,10:09,4,5,0,0,201196,Ramon Sessions,WAS,Washington,1610612764,Wizards,0,,,,,,0,,,,,,71 - 81,10,Sessions 15' Driving Floating Jump Shot (7 PTS),9:29 PM
373,0,10,445,21500477,Jump Ball Joseph vs. Oubre Jr.: Tip to,,9:52,4,4,5,2,202709,Cory Joseph,TOR,Toronto,1610612761,Raptors,1626162,Kelly Oubre Jr.,WAS,Washington,1610612764,Wizards,1610612761,,,,,,,,,9:30 PM
374,3,6,446,21500477,,,9:51,4,5,4,1,202066,Garrett Temple,WAS,Washington,1610612764,Wizards,201960,DeMarre Carroll,TOR,Toronto,1610612761,Raptors,0,,,,,,,,Temple L.B.FOUL (P5.T3) (D.Guthrie),9:31 PM
375,49,1,447,21500477,Ross  Driving Dunk (14 PTS),,9:42,4,4,0,0,203082,Terrence Ross,TOR,Toronto,1610612761,Raptors,0,,,,,,0,,,,,,71 - 83,12,,9:31 PM
376,42,2,448,21500477,Biyombo BLOCK (2 BLK),,9:26,4,5,0,4,2743,Kris Humphries,WAS,Washington,1610612764,Wizards,0,,,,,,202687,Bismack Biyombo,TOR,Toronto,1610612761,Raptors,,,MISS Humphries 2' Driving Layup,9:31 PM
377,0,4,449,21500477,Carroll REBOUND (Off:2 Def:4),,9:24,4,4,0,0,201960,DeMarre Carroll,TOR,Toronto,1610612761,Raptors,0,,,,,,0,,,,,,,,,9:31 PM
378,79,2,450,21500477,MISS Ross 20' Pullup Jump Shot,,9:10,4,4,0,0,203082,Terrence Ross,TOR,Toronto,1610612761,Raptors,0,,,,,,0,,,,,,,,,9:32 PM
379,0,4,451,21500477,,,9:08,4,5,0,0,2743,Kris Humphries,WAS,Washington,1610612764,Wizards,0,,,,,,0,,,,,,,,Humphries REBOUND (Off:1 Def:2),9:32 PM
380,1,1,452,21500477,,,8:56,4,5,5,0,2743,Kris Humphries,WAS,Washington,1610612764,Wizards,201196,Ramon Sessions,WAS,Washington,1610612764,Wizards,0,,,,,,73 - 83,10,Humphries 18' Jump Shot (6 PTS) (Sessions 4 AST),9:32 PM
381,1,6,453,21500477,,,8:36,4,5,4,1,2743,Kris Humphries,WAS,Washington,1610612764,Wizards,202687,Bismack Biyombo,TOR,Toronto,1610612761,Raptors,0,,,,,,,,Humphries P.FOUL (P2.T4) (D.Guthrie),9:32 PM
382,4,9,454,21500477,,,8:36,4,1,0,0,0,,,,,,0,,,,,,0,,,,,,,,,9:32 PM
383,0,8,456,21500477,,,8:36,4,5,5,0,1626162,Kelly Oubre Jr.,WAS,Washington,1610612764,Wizards,202322,John Wall,WAS,Washington,1610612764,Wizards,0,,,,,,,,SUB: Wall FOR Oubre Jr.,9:35 PM
384,0,8,457,21500477,,,8:36,4,5,5,0,2743,Kris Humphries,WAS,Washington,1610612764,Wizards,101162,Marcin Gortat,WAS,Washington,1610612764,Wizards,0,,,,,,,,SUB: Gortat FOR Humphries,9:35 PM
385,102,2,458,21500477,MISS Carroll 40' 3PT Driving Floating Bank Jump Shot,,8:21,4,4,0,0,201960,DeMarre Carroll,TOR,Toronto,1610612761,Raptors,0,,,,,,0,,,,,,,,,9:35 PM
386,0,4,459,21500477,RAPTORS Rebound,,8:21,4,2,0,0,1610612761,,,,,,0,,,,,,0,,,,,,,,,9:35 PM
387,11,5,460,21500477,RAPTORS Turnover: Shot Clock (T#16),,8:21,4,2,0,1,1610612761,,,,,,0,,,,,,0,,,,,,,,,9:35 PM
388,58,2,461,21500477,,,8:05,4,5,0,0,101162,Marcin Gortat,WAS,Washington,1610612764,Wizards,0,,,,,,0,,,,,,,,MISS Gortat 7' Turnaround Hook Shot,9:36 PM
389,0,4,462,21500477,Joseph REBOUND (Off:0 Def:2),,8:04,4,4,0,0,202709,Cory Joseph,TOR,Toronto,1610612761,Raptors,0,,,,,,0,,,,,,,,,9:36 PM
390,1,5,463,21500477,Joseph Bad Pass Turnover (P2.T17),,7:56,4,4,5,0,202709,Cory Joseph,TOR,Toronto,1610612761,Raptors,202322,John Wall,WAS,Washington,1610612764,Wizards,0,,,,,,,,Wall STEAL (4 STL),9:36 PM
391,45,2,464,21500477,,,7:40,4,5,0,0,202322,John Wall,WAS,Washington,1610612764,Wizards,0,,,,,,0,,,,,,,,MISS Wall 25' 3PT Jump Shot,9:36 PM
392,0,4,465,21500477,Joseph REBOUND (Off:0 Def:3),,7:40,4,4,0,0,202709,Cory Joseph,TOR,Toronto,1610612761,Raptors,0,,,,,,0,,,,,,,,,9:36 PM
393,79,2,466,21500477,MISS Joseph 21' Pullup Jump Shot,,7:21,4,4,0,0,202709,Cory Joseph,TOR,Toronto,1610612761,Raptors,0,,,,,,0,,,,,,,,,9:36 PM
394,0,4,467,21500477,,,7:19,4,5,0,0,203490,Otto Porter,WAS,Washington,1610612764,Wizards,0,,,,,,0,,,,,,,,Porter Jr. REBOUND (Off:1 Def:6),9:36 PM
395,79,2,468,21500477,,,7:10,4,5,0,0,203490,Otto Porter,WAS,Washington,1610612764,Wizards,0,,,,,,0,,,,,,,,MISS Porter Jr. 21' Pullup Jump Shot,9:37 PM
396,0,4,469,21500477,Carroll REBOUND (Off:2 Def:5),,7:10,4,4,0,0,201960,DeMarre Carroll,TOR,Toronto,1610612761,Raptors,0,,,,,,0,,,,,,,,,9:37 PM
397,2,5,470,21500477,Patterson Lost Ball Turnover (P3.T18),,6:46,4,4,5,0,202335,Patrick Patterson,TOR,Toronto,1610612761,Raptors,202322,John Wall,WAS,Washington,1610612764,Wizards,0,,,,,,,,Wall STEAL (5 STL),9:37 PM
398,41,1,471,21500477,,,6:40,4,5,5,0,203490,Otto Porter,WAS,Washington,1610612764,Wizards,202322,John Wall,WAS,Washington,1610612764,Wizards,0,,,,,,75 - 83,8,Porter Jr. 2' Running Layup (20 PTS) (Wall 9 AST),9:37 PM
399,1,9,472,21500477,RAPTORS Timeout: Regular (Full 4 Short 0),,6:39,4,2,0,0,1610612761,,,,,,0,,,,,,0,,,,,,,,,9:37 PM
400,0,8,475,21500477,SUB: DeRozan FOR Ross,,6:39,4,4,4,0,203082,Terrence Ross,TOR,Toronto,1610612761,Raptors,201942,DeMar DeRozan,TOR,Toronto,1610612761,Raptors,0,,,,,,,,,9:39 PM
401,0,8,476,21500477,SUB: Lowry FOR Patterson,,6:39,4,4,4,0,202335,Patrick Patterson,TOR,Toronto,1610612761,Raptors,200768,Kyle Lowry,TOR,Toronto,1610612761,Raptors,0,,,,,,,,,9:39 PM
402,86,2,477,21500477,MISS Joseph 13' Turnaround Fadeaway Shot,,6:17,4,4,0,5,202709,Cory Joseph,TOR,Toronto,1610612761,Raptors,0,,,,,,202322,John Wall,WAS,Washington,1610612764,Wizards,,,Wall BLOCK (1 BLK),9:40 PM
403,0,4,478,21500477,,,6:15,4,5,0,0,203490,Otto Porter,WAS,Washington,1610612764,Wizards,0,,,,,,0,,,,,,,,Porter Jr. REBOUND (Off:1 Def:7),9:40 PM
404,2,6,479,21500477,Carroll S.FOUL (P1.T1) (D.Guthrie),,5:56,4,4,5,1,201960,DeMarre Carroll,TOR,Toronto,1610612761,Raptors,201196,Ramon Sessions,WAS,Washington,1610612764,Wizards,0,,,,,,,,,9:40 PM
405,11,3,480,21500477,,,5:56,4,5,0,0,201196,Ramon Sessions,WAS,Washington,1610612764,Wizards,0,,,,,,0,,,,,,76 - 83,7,Sessions Free Throw 1 of 2 (8 PTS),9:41 PM
406,0,8,482,21500477,,,5:56,4,5,5,0,203490,Otto Porter,WAS,Washington,1610612764,Wizards,201162,Jared Dudley,WAS,Washington,1610612764,Wizards,0,,,,,,,,SUB: Dudley FOR Porter Jr.,9:41 PM
407,12,3,483,21500477,,,5:56,4,5,0,0,201196,Ramon Sessions,WAS,Washington,1610612764,Wizards,0,,,,,,0,,,,,,77 - 83,6,Sessions Free Throw 2 of 2 (9 PTS),9:41 PM
408,79,2,485,21500477,MISS DeRozan 18' Pullup Jump Shot,,5:35,4,4,0,0,201942,DeMar DeRozan,TOR,Toronto,1610612761,Raptors,0,,,,,,0,,,,,,,,,9:42 PM
409,0,4,486,21500477,,,5:34,4,5,0,0,201196,Ramon Sessions,WAS,Washington,1610612764,Wizards,0,,,,,,0,,,,,,,,Sessions REBOUND (Off:0 Def:4),9:42 PM
410,79,1,487,21500477,,,5:24,4,5,0,0,202322,John Wall,WAS,Washington,1610612764,Wizards,0,,,,,,0,,,,,,79 - 83,4,Wall 17' Pullup Jump Shot (16 PTS),9:42 PM
411,101,2,488,21500477,MISS Carroll 7' Driving Floating Jump Shot,,5:06,4,4,0,0,201960,DeMarre Carroll,TOR,Toronto,1610612761,Raptors,0,,,,,,0,,,,,,,,,9:42 PM
412,0,4,489,21500477,Biyombo REBOUND (Off:5 Def:7),,5:05,4,4,0,0,202687,Bismack Biyombo,TOR,Toronto,1610612761,Raptors,0,,,,,,0,,,,,,,,,9:42 PM
413,87,1,490,21500477,Biyombo  Putback Dunk (12 PTS),,5:02,4,4,0,0,202687,Bismack Biyombo,TOR,Toronto,1610612761,Raptors,0,,,,,,0,,,,,,79 - 85,6,,9:42 PM
414,1,2,491,21500477,,,4:45,4,5,0,0,202322,John Wall,WAS,Washington,1610612764,Wizards,0,,,,,,0,,,,,,,,MISS Wall 25' 3PT Jump Shot,9:42 PM
415,0,4,492,21500477,DeRozan REBOUND (Off:2 Def:4),,4:44,4,4,0,0,201942,DeMar DeRozan,TOR,Toronto,1610612761,Raptors,0,,,,,,0,,,,,,,,,9:42 PM
416,29,6,493,21500477,,,4:35,4,5,4,1,202066,Garrett Temple,WAS,Washington,1610612764,Wizards,201960,DeMarre Carroll,TOR,Toronto,1610612761,Raptors,0,,,,,,,,Temple Shooting Block Foul (P6.PN) (D.Guthrie),9:43 PM
417,0,8,494,21500477,,,4:35,4,5,5,0,202066,Garrett Temple,WAS,Washington,1610612764,Wizards,203490,Otto Porter,WAS,Washington,1610612764,Wizards,0,,,,,,,,SUB: Porter Jr. FOR Temple,9:43 PM
418,11,3,495,21500477,MISS Carroll Free Throw 1 of 2,,4:35,4,4,0,0,201960,DeMarre Carroll,TOR,Toronto,1610612761,Raptors,0,,,,,,0,,,,,,,,,9:43 PM
419,1,4,496,21500477,RAPTORS Rebound,,4:35,4,2,0,0,1610612761,,,,,,0,,,,,,0,,,,,,,,,9:43 PM
420,12,3,497,21500477,MISS Carroll Free Throw 2 of 2,,4:35,4,4,0,0,201960,DeMarre Carroll,TOR,Toronto,1610612761,Raptors,0,,,,,,0,,,,,,,,,9:43 PM
421,0,4,499,21500477,,,4:34,4,5,0,0,101162,Marcin Gortat,WAS,Washington,1610612764,Wizards,0,,,,,,0,,,,,,,,Gortat REBOUND (Off:3 Def:4),9:44 PM
422,1,6,500,21500477,DeRozan P.FOUL (P2.T2) (D.Guthrie),,4:24,4,4,5,1,201942,DeMar DeRozan,TOR,Toronto,1610612761,Raptors,101162,Marcin Gortat,WAS,Washington,1610612764,Wizards,0,,,,,,,,,9:44 PM
423,2,6,501,21500477,Lowry S.FOUL (P2.T3) (P.Fraher),,4:19,4,4,5,1,200768,Kyle Lowry,TOR,Toronto,1610612761,Raptors,201196,Ramon Sessions,WAS,Washington,1610612764,Wizards,0,,,,,,,,,9:44 PM
424,11,3,502,21500477,,,4:19,4,5,0,0,201196,Ramon Sessions,WAS,Washington,1610612764,Wizards,0,,,,,,0,,,,,,80 - 85,5,Sessions Free Throw 1 of 2 (10 PTS),9:44 PM
425,0,8,505,21500477,SUB: Valanciunas FOR Biyombo,,4:19,4,4,4,0,202687,Bismack Biyombo,TOR,Toronto,1610612761,Raptors,202685,Jonas Valanciunas,TOR,Toronto,1610612761,Raptors,0,,,,,,,,,9:45 PM
426,0,8,506,21500477,SUB: Ross FOR Carroll,,4:19,4,4,4,0,201960,DeMarre Carroll,TOR,Toronto,1610612761,Raptors,203082,Terrence Ross,TOR,Toronto,1610612761,Raptors,0,,,,,,,,,9:45 PM
427,12,3,507,21500477,,,4:19,4,5,0,0,201196,Ramon Sessions,WAS,Washington,1610612764,Wizards,0,,,,,,0,,,,,,81 - 85,4,Sessions Free Throw 2 of 2 (11 PTS),9:45 PM
428,2,6,509,21500477,,,3:59,4,5,4,1,202322,John Wall,WAS,Washington,1610612764,Wizards,201942,DeMar DeRozan,TOR,Toronto,1610612761,Raptors,0,,,,,,,,Wall S.FOUL (P2.PN) (D.Guthrie),9:46 PM
429,11,3,510,21500477,DeRozan Free Throw 1 of 2 (30 PTS),,3:59,4,4,0,0,201942,DeMar DeRozan,TOR,Toronto,1610612761,Raptors,0,,,,,,0,,,,,,81 - 86,5,,9:46 PM
430,12,3,512,21500477,DeRozan Free Throw 2 of 2 (31 PTS),,3:59,4,4,0,0,201942,DeMar DeRozan,TOR,Toronto,1610612761,Raptors,0,,,,,,0,,,,,,81 - 87,6,,9:46 PM
431,98,2,514,21500477,Valanciunas BLOCK (1 BLK),,3:48,4,5,0,4,101162,Marcin Gortat,WAS,Washington,1610612764,Wizards,0,,,,,,202685,Jonas Valanciunas,TOR,Toronto,1610612761,Raptors,,,MISS Gortat 3' Cutting Layup Shot,9:46 PM
432,0,4,515,21500477,Ross REBOUND (Off:1 Def:4),,3:46,4,4,0,0,203082,Terrence Ross,TOR,Toronto,1610612761,Raptors,0,,,,,,0,,,,,,,,,9:47 PM
433,86,2,516,21500477,MISS Ross 15' Turnaround Fadeaway Shot,,3:36,4,4,0,0,203082,Terrence Ross,TOR,Toronto,1610612761,Raptors,0,,,,,,0,,,,,,,,,9:47 PM
434,0,4,517,21500477,,,3:33,4,5,0,0,203490,Otto Porter,WAS,Washington,1610612764,Wizards,0,,,,,,0,,,,,,,,Porter Jr. REBOUND (Off:1 Def:8),9:47 PM
435,76,2,518,21500477,,,3:25,4,5,0,0,202322,John Wall,WAS,Washington,1610612764,Wizards,0,,,,,,0,,,,,,,,MISS Wall 1' Running Finger Roll Layup,9:47 PM
436,0,4,519,21500477,Ross REBOUND (Off:1 Def:5),,3:24,4,4,0,0,203082,Terrence Ross,TOR,Toronto,1610612761,Raptors,0,,,,,,0,,,,,,,,,9:47 PM
437,29,6,520,21500477,,,3:13,4,5,4,1,203490,Otto Porter,WAS,Washington,1610612764,Wizards,200768,Kyle Lowry,TOR,Toronto,1610612761,Raptors,0,,,,,,,,Porter Jr. Shooting Block Foul (P3.PN) (D.Guthrie),9:47 PM
438,11,6,522,21500477,,,3:13,4,5,0,1,202322,John Wall,WAS,Washington,1610612764,Wizards,0,,,,,,0,,,,,,,,Wall T.FOUL (P2.PN) (P.Fraher),9:48 PM
439,16,3,523,21500477,DeRozan Free Throw Technical (32 PTS),,3:13,4,4,0,0,201942,DeMar DeRozan,TOR,Toronto,1610612761,Raptors,0,,,,,,0,,,,,,81 - 88,7,,9:48 PM
440,11,3,525,21500477,Lowry Free Throw 1 of 2 (8 PTS),,3:13,4,4,0,0,200768,Kyle Lowry,TOR,Toronto,1610612761,Raptors,0,,,,,,0,,,,,,81 - 89,8,,9:48 PM
441,1,9,528,21500477,,,3:13,4,3,0,0,1610612764,,,,,,0,,,,,,0,,,,,,,,Wizards Timeout: Regular (Reg.4 Short 1),9:48 PM
442,12,3,532,21500477,Lowry Free Throw 2 of 2 (9 PTS),,3:13,4,4,0,0,200768,Kyle Lowry,TOR,Toronto,1610612761,Raptors,0,,,,,,0,,,,,,81 - 90,9,,9:50 PM
443,42,1,534,21500477,,,3:02,4,5,0,0,202322,John Wall,WAS,Washington,1610612764,Wizards,0,,,,,,0,,,,,,83 - 90,7,Wall 3' Driving Layup (18 PTS),9:51 PM
444,5,2,535,21500477,MISS Lowry 1' Layup,,2:43,4,4,0,0,200768,Kyle Lowry,TOR,Toronto,1610612761,Raptors,0,,,,,,0,,,,,,,,,9:51 PM
445,0,4,536,21500477,Valanciunas REBOUND (Off:5 Def:3),,2:43,4,4,0,0,202685,Jonas Valanciunas,TOR,Toronto,1610612761,Raptors,0,,,,,,0,,,,,,,,,9:51 PM
446,97,2,537,21500477,MISS Valanciunas 3' Tip Layup Shot,,2:40,4,4,0,0,202685,Jonas Valanciunas,TOR,Toronto,1610612761,Raptors,0,,,,,,0,,,,,,,,,9:51 PM
447,0,4,538,21500477,,,2:39,4,5,0,0,201196,Ramon Sessions,WAS,Washington,1610612764,Wizards,0,,,,,,0,,,,,,,,Sessions REBOUND (Off:0 Def:5),9:51 PM
448,42,2,539,21500477,,,2:36,4,5,0,0,202322,John Wall,WAS,Washington,1610612764,Wizards,0,,,,,,0,,,,,,,,MISS Wall 2' Driving Layup,9:51 PM
449,0,4,540,21500477,,,2:35,4,3,0,0,1610612764,,,,,,0,,,,,,0,,,,,,,,Wizards Rebound,9:51 PM
450,1,6,541,21500477,Ross P.FOUL (P1.T4) (D.Guthrie),,2:35,4,4,5,1,203082,Terrence Ross,TOR,Toronto,1610612761,Raptors,201162,Jared Dudley,WAS,Washington,1610612764,Wizards,0,,,,,,,,,9:51 PM
451,75,2,542,21500477,,,2:26,4,5,0,0,201196,Ramon Sessions,WAS,Washington,1610612764,Wizards,0,,,,,,0,,,,,,,,MISS Sessions 2' Driving Finger Roll Layup,9:52 PM
452,0,4,543,21500477,Valanciunas REBOUND (Off:5 Def:4),,2:25,4,4,0,0,202685,Jonas Valanciunas,TOR,Toronto,1610612761,Raptors,0,,,,,,0,,,,,,,,,9:52 PM
453,1,2,544,21500477,MISS Lowry 24' 3PT Jump Shot,,2:08,4,4,0,0,200768,Kyle Lowry,TOR,Toronto,1610612761,Raptors,0,,,,,,0,,,,,,,,,9:52 PM
454,0,4,545,21500477,,,2:07,4,5,0,0,101162,Marcin Gortat,WAS,Washington,1610612764,Wizards,0,,,,,,0,,,,,,,,Gortat REBOUND (Off:3 Def:5),9:52 PM
455,79,1,546,21500477,,,1:58,4,5,5,0,201162,Jared Dudley,WAS,Washington,1610612764,Wizards,203490,Otto Porter,WAS,Washington,1610612764,Wizards,0,,,,,,85 - 90,5,Dudley 17' Pullup Jump Shot (14 PTS) (Porter Jr. 2 AST),9:52 PM
456,86,2,547,21500477,MISS DeRozan 11' Turnaround Fadeaway Shot,,1:39,4,4,0,0,201942,DeMar DeRozan,TOR,Toronto,1610612761,Raptors,0,,,,,,0,,,,,,,,,9:53 PM
457,0,4,548,21500477,,,1:37,4,5,0,0,101162,Marcin Gortat,WAS,Washington,1610612764,Wizards,0,,,,,,0,,,,,,,,Gortat REBOUND (Off:3 Def:6),9:53 PM
458,108,1,549,21500477,,,1:28,4,5,5,0,101162,Marcin Gortat,WAS,Washington,1610612764,Wizards,202322,John Wall,WAS,Washington,1610612764,Wizards,0,,,,,,87 - 90,3,Gortat  Cutting Dunk Shot (12 PTS) (Wall 10 AST),9:53 PM
459,1,9,550,21500477,RAPTORS Timeout: Regular (Full 5 Short 0),,1:28,4,2,0,0,1610612761,,,,,,0,,,,,,0,,,,,,,,,9:53 PM
460,47,2,554,21500477,MISS Lowry 11' Turnaround Jump Shot,,1:09,4,4,0,0,200768,Kyle Lowry,TOR,Toronto,1610612761,Raptors,0,,,,,,0,,,,,,,,,9:55 PM
461,0,4,555,21500477,,,1:08,4,5,0,0,202322,John Wall,WAS,Washington,1610612764,Wizards,0,,,,,,0,,,,,,,,Wall REBOUND (Off:0 Def:7),9:55 PM
462,1,6,556,21500477,Ross P.FOUL (P2.PN) (T.Ford),,1:05,4,4,5,1,203082,Terrence Ross,TOR,Toronto,1610612761,Raptors,202322,John Wall,WAS,Washington,1610612764,Wizards,0,,,,,,,,,9:55 PM
463,11,3,557,21500477,,,1:05,4,5,0,0,202322,John Wall,WAS,Washington,1610612764,Wizards,0,,,,,,0,,,,,,,,MISS Wall Free Throw 1 of 2,9:56 PM
464,1,4,558,21500477,,,1:05,4,3,0,0,1610612764,,,,,,0,,,,,,0,,,,,,,,Wizards Rebound,9:56 PM
465,12,3,559,21500477,,,1:05,4,5,0,0,202322,John Wall,WAS,Washington,1610612764,Wizards,0,,,,,,0,,,,,,88 - 90,2,Wall Free Throw 2 of 2 (19 PTS),9:56 PM
466,2,6,561,21500477,,,0:47,4,5,4,1,202322,John Wall,WAS,Washington,1610612764,Wizards,201942,DeMar DeRozan,TOR,Toronto,1610612761,Raptors,0,,,,,,,,Wall S.FOUL (P3.PN) (D.Guthrie),9:57 PM
467,11,3,562,21500477,DeRozan Free Throw 1 of 2 (33 PTS),,0:47,4,4,0,0,201942,DeMar DeRozan,TOR,Toronto,1610612761,Raptors,0,,,,,,0,,,,,,88 - 91,3,,9:57 PM
468,0,8,564,21500477,SUB: Biyombo FOR Valanciunas,,0:47,4,4,4,0,202685,Jonas Valanciunas,TOR,Toronto,1610612761,Raptors,202687,Bismack Biyombo,TOR,Toronto,1610612761,Raptors,0,,,,,,,,,9:57 PM
469,0,8,565,21500477,SUB: Carroll FOR Ross,,0:47,4,4,4,0,203082,Terrence Ross,TOR,Toronto,1610612761,Raptors,201960,DeMarre Carroll,TOR,Toronto,1610612761,Raptors,0,,,,,,,,,9:57 PM
470,12,3,566,21500477,DeRozan Free Throw 2 of 2 (34 PTS),,0:47,4,4,0,0,201942,DeMar DeRozan,TOR,Toronto,1610612761,Raptors,0,,,,,,0,,,,,,88 - 92,4,,9:57 PM
471,2,9,568,21500477,,,0:47,4,3,0,0,1610612764,,,,,,0,,,,,,0,,,,,,,,Wizards Timeout: Short (Reg.4 Short 2),9:58 PM
472,1,1,571,21500477,,,0:39,4,5,5,0,201162,Jared Dudley,WAS,Washington,1610612764,Wizards,202322,John Wall,WAS,Washington,1610612764,Wizards,0,,,,,,91 - 92,1,Dudley  3PT Jump Shot (17 PTS) (Wall 11 AST),9:59 PM
473,2,9,572,21500477,RAPTORS Timeout: Short (Full 5 Short 1),,0:39,4,2,0,0,1610612761,,,,,,0,,,,,,0,,,,,,,,,9:59 PM
474,0,8,574,21500477,SUB: Ross FOR Carroll,,0:39,4,4,4,0,201960,DeMarre Carroll,TOR,Toronto,1610612761,Raptors,203082,Terrence Ross,TOR,Toronto,1610612761,Raptors,0,,,,,,,,,10:00 PM
475,0,8,575,21500477,SUB: Valanciunas FOR Biyombo,,0:39,4,4,4,0,202687,Bismack Biyombo,TOR,Toronto,1610612761,Raptors,202685,Jonas Valanciunas,TOR,Toronto,1610612761,Raptors,0,,,,,,,,,10:00 PM
476,86,2,576,21500477,MISS DeRozan 12' Turnaround Fadeaway Shot,,0:29,4,4,0,0,201942,DeMar DeRozan,TOR,Toronto,1610612761,Raptors,0,,,,,,0,,,,,,,,,10:01 PM
477,0,4,577,21500477,,,0:28,4,5,0,0,201196,Ramon Sessions,WAS,Washington,1610612764,Wizards,0,,,,,,0,,,,,,,,Sessions REBOUND (Off:0 Def:6),10:01 PM
478,1,9,578,21500477,,,0:26,4,3,0,0,1610612764,,,,,,0,,,,,,0,,,,,,,,Wizards Timeout: Regular (Reg.5 Short 2),10:01 PM
479,0,8,579,21500477,SUB: Biyombo FOR Valanciunas,,0:26,4,4,4,0,202685,Jonas Valanciunas,TOR,Toronto,1610612761,Raptors,202687,Bismack Biyombo,TOR,Toronto,1610612761,Raptors,0,,,,,,,,,10:02 PM
480,0,8,580,21500477,SUB: Carroll FOR Ross,,0:26,4,4,4,0,203082,Terrence Ross,TOR,Toronto,1610612761,Raptors,201960,DeMarre Carroll,TOR,Toronto,1610612761,Raptors,0,,,,,,,,,10:02 PM
481,1,2,582,21500477,,,0:17,4,5,0,0,201162,Jared Dudley,WAS,Washington,1610612764,Wizards,0,,,,,,0,,,,,,,,MISS Dudley 25' 3PT Jump Shot,10:03 PM
482,0,4,583,21500477,Lowry REBOUND (Off:0 Def:3),,0:15,4,4,0,0,200768,Kyle Lowry,TOR,Toronto,1610612761,Raptors,0,,,,,,0,,,,,,,,,10:03 PM
483,1,6,584,21500477,,,0:15,4,5,4,1,201162,Jared Dudley,WAS,Washington,1610612764,Wizards,200768,Kyle Lowry,TOR,Toronto,1610612761,Raptors,0,,,,,,,,Dudley P.FOUL (P4.PN) (P.Fraher),10:03 PM
484,1,18,585,21500477,,,0:15,4,,0,1,584,,,,,,0,,,,,,0,,,,,,,,,10:04 PM
485,11,3,587,21500477,Lowry Free Throw 1 of 2 (10 PTS),,0:15,4,4,0,0,200768,Kyle Lowry,TOR,Toronto,1610612761,Raptors,0,,,,,,0,,,,,,91 - 93,2,,10:05 PM
486,0,8,589,21500477,,,0:15,4,5,5,0,201196,Ramon Sessions,WAS,Washington,1610612764,Wizards,2743,Kris Humphries,WAS,Washington,1610612764,Wizards,0,,,,,,,,SUB: Humphries FOR Sessions,10:05 PM
487,12,3,590,21500477,Lowry Free Throw 2 of 2 (11 PTS),,0:15,4,4,0,0,200768,Kyle Lowry,TOR,Toronto,1610612761,Raptors,0,,,,,,0,,,,,,91 - 94,3,,10:05 PM
488,2,9,592,21500477,,,0:15,4,3,0,0,1610612764,,,,,,0,,,,,,0,,,,,,,,Wizards Timeout: Short (Reg.5 Short 3),10:05 PM
489,0,8,594,21500477,,,0:15,4,5,5,0,2743,Kris Humphries,WAS,Washington,1610612764,Wizards,201196,Ramon Sessions,WAS,Washington,1610612764,Wizards,0,,,,,,,,SUB: Sessions FOR Humphries,10:06 PM
490,79,2,596,21500477,,,0:08,4,5,0,0,202322,John Wall,WAS,Washington,1610612764,Wizards,0,,,,,,0,,,,,,,,MISS Wall 24' 3PT Pullup Jump Shot,10:07 PM
491,0,4,597,21500477,,,0:07,4,5,0,0,101162,Marcin Gortat,WAS,Washington,1610612764,Wizards,0,,,,,,0,,,,,,,,Gortat REBOUND (Off:4 Def:6),10:07 PM
492,1,2,598,21500477,,,0:02,4,5,0,0,203490,Otto Porter,WAS,Washington,1610612764,Wizards,0,,,,,,0,,,,,,,,MISS Porter Jr. 25' 3PT Jump Shot,10:07 PM
493,0,4,599,21500477,,,0:01,4,5,0,0,201162,Jared Dudley,WAS,Washington,1610612764,Wizards,0,,,,,,0,,,,,,,,Dudley REBOUND (Off:1 Def:2),10:07 PM
494,1,2,600,21500477,Carroll BLOCK (1 BLK),,0:00,4,5,0,4,202322,John Wall,WAS,Washington,1610612764,Wizards,0,,,,,,201960,DeMarre Carroll,TOR,Toronto,1610612761,Raptors,,,MISS Wall 25' 3PT Jump Shot,10:07 PM
495,0,4,601,21500477,RAPTORS Rebound,,0:00,4,2,0,0,1610612761,,,,,,0,,,,,,0,,,,,,,,,10:07 PM
496,0,13,602,21500477,,,0:00,4,0,0,0,0,,,,,,0,,,,,,0,,,,,,91 - 94,3,,10:07 PM
